-- phpMyAdmin SQL Dump
-- version 5.2.1
-- https://www.phpmyadmin.net/
--
-- Host: 127.0.0.1:3307
-- Generation Time: Apr 11, 2026 at 08:23 PM
-- Server version: 10.4.32-MariaDB
-- PHP Version: 8.2.12

SET SQL_MODE = "NO_AUTO_VALUE_ON_ZERO";
START TRANSACTION;
SET time_zone = "+00:00";


/*!40101 SET @OLD_CHARACTER_SET_CLIENT=@@CHARACTER_SET_CLIENT */;
/*!40101 SET @OLD_CHARACTER_SET_RESULTS=@@CHARACTER_SET_RESULTS */;
/*!40101 SET @OLD_COLLATION_CONNECTION=@@COLLATION_CONNECTION */;
/*!40101 SET NAMES utf8mb4 */;

--
-- Database: `tracnghiem`
--

-- --------------------------------------------------------

--
-- Table structure for table `baithi`
--

CREATE TABLE `baithi` (
  `id_baithi` int(11) NOT NULL,
  `id_monhoc` int(11) DEFAULT NULL,
  `ten_baithi` varchar(255) DEFAULT NULL,
  `mieuta` text DEFAULT NULL,
  `tongcauhoi` int(11) DEFAULT NULL,
  `thoigianlam` int(11) DEFAULT NULL,
  `thoigianbatdau` datetime DEFAULT NULL,
  `thoigianketthuc` datetime DEFAULT NULL,
  `trangthai` varchar(50) DEFAULT NULL,
  `xao_tron` tinyint(1) NOT NULL DEFAULT 0,
  `ngaytao` datetime DEFAULT NULL
) ENGINE=InnoDB DEFAULT CHARSET=utf8mb4 COLLATE=utf8mb4_general_ci;

--
-- Dumping data for table `baithi`
--

INSERT INTO `baithi` (`id_baithi`, `id_monhoc`, `ten_baithi`, `mieuta`, `tongcauhoi`, `thoigianlam`, `thoigianbatdau`, `thoigianketthuc`, `trangthai`, `xao_tron`, `ngaytao`) VALUES
(31, 6, 'PHP Cơ Bản', 'Biến, vòng lặp, điều kiện', 15, 30, '2026-03-10 08:00:00', '2026-03-20 23:59:59', 'Đang mở', 0, '2026-03-04 15:00:51'),
(32, 6, 'PHP hướng đối tượng', 'Lập trình hướng đối tượng trong PHP', 10, 20, '2026-03-10 08:00:00', '2026-03-20 23:59:59', 'Đang mở', 0, '2026-03-04 15:00:51'),
(33, 7, 'SQL cơ bản ', 'Truy vấn cơ bản với SELECT', 20, 35, '2026-03-11 08:00:00', '2026-03-21 23:59:59', 'Đang mở', 0, '2026-03-04 15:00:51'),
(34, 7, 'SQL nâng cao', 'Kết nối nhiều bảng với JOIN', 10, 20, '2026-03-11 08:00:00', '2026-03-21 23:59:59', 'Đang mở', 0, '2026-03-04 15:00:51'),
(35, 8, 'Stack và Queue', 'Cấu trúc dữ liệu tuyến tính', 15, 15, '2026-03-12 08:00:00', '2026-03-22 23:59:59', 'Đang mở', 0, '2026-03-04 15:00:51'),
(36, 8, 'Thuật toán sắp xếp', 'Bubble Sort, Quick Sort', 10, 10, '2026-03-12 08:00:00', '2026-03-22 23:59:59', 'Đang mở', 0, '2026-03-04 15:00:51'),
(37, 9, 'Mô hình OSI', '7 tầng mô hình OSI', 10, 25, '2026-03-13 08:00:00', '2026-03-23 23:59:59', 'Đang mở', 0, '2026-03-04 15:00:51'),
(38, 9, 'Giao thức TCP/IP', 'Địa chỉ IP và giao thức TCP/IP', 10, 20, '2026-03-13 08:00:00', '2026-03-23 23:59:59', 'Đang mở', 0, '2026-03-04 15:00:51'),
(39, 10, 'Machine learning', NULL, 10, 30, '2026-03-14 08:00:00', '2026-03-24 23:59:00', 'Đang mở', 0, '2026-03-04 15:00:51'),
(40, 10, 'Deep learning', NULL, 13, 20, '2026-03-14 08:00:00', NULL, 'Đang mở', 0, '2026-03-04 15:00:51'),
(63, 8, 'Bài khó quá', NULL, 10, 15, '2026-04-11 13:42:00', NULL, 'Đang mở', 1, '2026-04-11 13:43:05');

-- --------------------------------------------------------

--
-- Table structure for table `cauhoi`
--

CREATE TABLE `cauhoi` (
  `id_cauhoi` int(11) NOT NULL,
  `id_baithi` int(11) DEFAULT NULL,
  `noidungcauhoi` text DEFAULT NULL,
  `dokho` varchar(50) DEFAULT NULL,
  `ngaytao` datetime DEFAULT NULL
) ENGINE=InnoDB DEFAULT CHARSET=utf8mb4 COLLATE=utf8mb4_general_ci;

--
-- Dumping data for table `cauhoi`
--

INSERT INTO `cauhoi` (`id_cauhoi`, `id_baithi`, `noidungcauhoi`, `dokho`, `ngaytao`) VALUES
(133, 31, 'PHP là viết tắt của cụm từ nào?', 'Dễ', '2026-03-04 15:02:24'),
(134, 31, 'Biến trong PHP bắt đầu bằng ký tự gì?', 'Dễ', '2026-03-04 15:02:24'),
(135, 31, 'Lệnh nào dùng để xuất dữ liệu ra màn hình trong PHP?', 'Dễ', '2026-03-04 15:02:24'),
(136, 31, 'Câu lệnh điều kiện trong PHP là gì?', 'Trung bình', '2026-03-04 15:02:24'),
(137, 31, 'Vòng lặp nào dùng khi biết trước số lần lặp?', 'Trung bình', '2026-03-04 15:02:24'),
(138, 31, 'Toán tử so sánh bằng trong PHP là gì?', 'Trung bình', '2026-03-04 15:02:24'),
(139, 31, 'Hàm nào dùng để đếm số phần tử trong mảng?', 'Trung bình', '2026-03-04 15:02:24'),
(140, 31, 'Session trong PHP dùng để làm gì?', 'Khó', '2026-03-04 15:02:24'),
(141, 31, 'Phương thức GET truyền dữ liệu qua đâu?', 'Khó', '2026-03-04 15:02:24'),
(142, 31, 'File PHP có phần mở rộng là gì?', 'Dễ', '2026-03-04 15:02:24'),
(143, 32, 'Lập trình hướng đối tượng trong PHP là gì?', 'Dễ', '2026-03-04 15:06:07'),
(144, 32, 'Từ khóa nào dùng để khai báo một class trong PHP?', 'Dễ', '2026-03-04 15:06:07'),
(145, 32, 'Từ khóa nào dùng để tạo đối tượng từ class?', 'Dễ', '2026-03-04 15:06:07'),
(146, 32, 'Hàm đặc biệt được gọi khi khởi tạo đối tượng là gì?', 'Trung bình', '2026-03-04 15:06:07'),
(147, 32, 'Từ khóa nào dùng để kế thừa trong PHP?', 'Trung bình', '2026-03-04 15:06:07'),
(148, 32, 'Phạm vi truy cập public có ý nghĩa gì?', 'Trung bình', '2026-03-04 15:06:07'),
(149, 32, 'Từ khóa private dùng để làm gì?', 'Trung bình', '2026-03-04 15:06:07'),
(150, 32, 'Từ khóa static trong class dùng để làm gì?', 'Khó', '2026-03-04 15:06:07'),
(151, 32, 'Interface trong PHP được khai báo bằng từ khóa nào?', 'Khó', '2026-03-04 15:06:07'),
(152, 32, 'Từ khóa final trong PHP có tác dụng gì?', 'Khó', '2026-03-04 15:06:07'),
(153, 33, 'Câu lệnh nào dùng để truy vấn dữ liệu trong SQL?', 'Dễ', '2026-03-04 15:08:39'),
(154, 33, 'Câu lệnh SELECT dùng để làm gì?', 'Dễ', '2026-03-04 15:08:39'),
(155, 33, 'Từ khóa nào dùng để lọc dữ liệu trong SELECT?', 'Dễ', '2026-03-04 15:08:39'),
(156, 33, 'Từ khóa nào dùng để sắp xếp kết quả truy vấn?', 'Trung bình', '2026-03-04 15:08:39'),
(157, 33, 'Ký tự đại diện để chọn tất cả các cột là gì?', 'Dễ', '2026-03-04 15:08:39'),
(158, 33, 'Từ khóa nào dùng để loại bỏ dữ liệu trùng lặp?', 'Trung bình', '2026-03-04 15:08:39'),
(159, 33, 'Mệnh đề nào dùng để giới hạn số dòng trả về?', 'Trung bình', '2026-03-04 15:08:39'),
(160, 33, 'Từ khóa BETWEEN dùng để làm gì?', 'Trung bình', '2026-03-04 15:08:39'),
(161, 33, 'IS NULL dùng để kiểm tra điều gì?', 'Trung bình', '2026-03-04 15:08:39'),
(162, 33, 'Mệnh đề LIKE dùng để làm gì?', 'Khó', '2026-03-04 15:08:39'),
(163, 34, 'JOIN trong SQL dùng để làm gì?', 'Dễ', '2026-03-04 15:09:46'),
(164, 34, 'INNER JOIN trả về kết quả như thế nào?', 'Dễ', '2026-03-04 15:09:46'),
(165, 34, 'LEFT JOIN trả về dữ liệu gì?', 'Trung bình', '2026-03-04 15:09:46'),
(166, 34, 'RIGHT JOIN trả về dữ liệu gì?', 'Trung bình', '2026-03-04 15:09:46'),
(167, 34, 'FULL JOIN trả về dữ liệu gì?', 'Trung bình', '2026-03-04 15:09:46'),
(168, 34, 'Mệnh đề ON trong JOIN dùng để làm gì?', 'Trung bình', '2026-03-04 15:09:46'),
(169, 34, 'Khi JOIN 2 bảng, điều kiện thường dựa vào gì?', 'Trung bình', '2026-03-04 15:09:46'),
(170, 34, 'Alias trong SQL dùng để làm gì khi JOIN?', 'Khó', '2026-03-04 15:09:46'),
(171, 34, 'Nếu không có điều kiện JOIN thì xảy ra điều gì?', 'Khó', '2026-03-04 15:09:46'),
(172, 34, 'CROSS JOIN trả về kết quả gì?', 'Khó', '2026-03-04 15:09:46'),
(173, 35, 'Stack là cấu trúc dữ liệu hoạt động theo nguyên tắc nào?', 'Dễ', '2026-03-04 15:10:43'),
(174, 35, 'Queue là cấu trúc dữ liệu hoạt động theo nguyên tắc nào?', 'Dễ', '2026-03-04 15:10:43'),
(175, 35, 'Thao tác thêm phần tử vào Stack gọi là gì?', 'Dễ', '2026-03-04 15:10:43'),
(176, 35, 'Thao tác lấy phần tử ra khỏi Stack gọi là gì?', 'Dễ', '2026-03-04 15:10:43'),
(177, 35, 'Thao tác thêm phần tử vào Queue gọi là gì?', 'Trung bình', '2026-03-04 15:10:43'),
(178, 35, 'Thao tác lấy phần tử ra khỏi Queue gọi là gì?', 'Trung bình', '2026-03-04 15:10:43'),
(179, 35, 'Phần tử nào được truy cập trong Stack?', 'Trung bình', '2026-03-04 15:10:43'),
(180, 35, 'Phần tử nào được lấy ra đầu tiên trong Queue?', 'Trung bình', '2026-03-04 15:10:43'),
(181, 35, 'Ứng dụng phổ biến của Stack là gì?', 'Khó', '2026-03-04 15:10:43'),
(182, 35, 'Ứng dụng phổ biến của Queue là gì?', 'Khó', '2026-03-04 15:10:43'),
(183, 36, 'Bubble Sort hoạt động theo nguyên tắc nào?', 'Dễ', '2026-03-04 15:11:38'),
(184, 36, 'Độ phức tạp trung bình của Bubble Sort là bao nhiêu?', 'Trung bình', '2026-03-04 15:11:38'),
(185, 36, 'Quick Sort thuộc loại thuật toán nào?', 'Trung bình', '2026-03-04 15:11:38'),
(186, 36, 'Độ phức tạp trung bình của Quick Sort là bao nhiêu?', 'Trung bình', '2026-03-04 15:11:38'),
(187, 36, 'Quick Sort sử dụng kỹ thuật gì?', 'Trung bình', '2026-03-04 15:11:38'),
(188, 36, 'Trong Quick Sort, phần tử được chọn để phân chia gọi là gì?', 'Dễ', '2026-03-04 15:11:38'),
(189, 36, 'Trường hợp xấu nhất của Quick Sort có độ phức tạp là?', 'Khó', '2026-03-04 15:11:38'),
(190, 36, 'Bubble Sort có ưu điểm gì?', 'Trung bình', '2026-03-04 15:11:38'),
(191, 36, 'Quick Sort có ưu điểm gì so với Bubble Sort?', 'Khó', '2026-03-04 15:11:38'),
(192, 36, 'Bubble Sort so sánh các phần tử như thế nào?', 'Dễ', '2026-03-04 15:11:38'),
(193, 37, 'Mô hình OSI có bao nhiêu tầng?', 'Dễ', '2026-03-04 15:12:29'),
(194, 37, 'Tầng nào trong OSI chịu trách nhiệm truyền dữ liệu vật lý?', 'Dễ', '2026-03-04 15:12:29'),
(195, 37, 'Tầng Network trong mô hình OSI có chức năng gì?', 'Trung bình', '2026-03-04 15:12:29'),
(196, 37, 'Tầng Transport đảm nhiệm nhiệm vụ gì?', 'Trung bình', '2026-03-04 15:12:29'),
(197, 37, 'Tầng nào chịu trách nhiệm mã hóa và giải mã dữ liệu?', 'Trung bình', '2026-03-04 15:12:29'),
(198, 37, 'Tầng Application trong OSI dùng để làm gì?', 'Dễ', '2026-03-04 15:12:29'),
(199, 37, 'Tầng Data Link có nhiệm vụ gì?', 'Trung bình', '2026-03-04 15:12:29'),
(200, 37, 'Giao thức TCP thuộc tầng nào trong mô hình OSI?', 'Khó', '2026-03-04 15:12:29'),
(201, 37, 'Đơn vị dữ liệu của tầng Network gọi là gì?', 'Khó', '2026-03-04 15:12:29'),
(202, 37, 'Thứ tự đúng của các tầng OSI từ thấp đến cao là gì?', 'Khó', '2026-03-04 15:12:29'),
(203, 38, 'Mô hình TCP/IP có bao nhiêu tầng?', 'Dễ', '2026-03-04 15:13:26'),
(204, 38, 'Giao thức TCP thuộc tầng nào trong mô hình TCP/IP?', 'Dễ', '2026-03-04 15:13:26'),
(205, 38, 'IP là viết tắt của cụm từ nào?', 'Dễ', '2026-03-04 15:13:26'),
(206, 38, 'Địa chỉ IPv4 có bao nhiêu bit?', 'Trung bình', '2026-03-04 15:13:26'),
(207, 38, 'Địa chỉ IPv6 có bao nhiêu bit?', 'Trung bình', '2026-03-04 15:13:26'),
(208, 38, 'TCP là giao thức có đặc điểm gì?', 'Trung bình', '2026-03-04 15:13:26'),
(209, 38, 'UDP khác TCP ở điểm nào?', 'Trung bình', '2026-03-04 15:13:26'),
(210, 38, 'Địa chỉ IP dùng để làm gì?', 'Dễ', '2026-03-04 15:13:26'),
(211, 38, 'Cổng (Port) trong TCP/IP dùng để làm gì?', 'Khó', '2026-03-04 15:13:26'),
(212, 38, 'Giao thức nào dùng để gửi email?', 'Khó', '2026-03-04 15:13:26'),
(213, 39, 'Machine Learning là gì?', 'Dễ', '2026-03-04 15:14:11'),
(214, 39, 'Machine Learning là một nhánh của lĩnh vực nào?', 'Dễ', '2026-03-04 15:14:11'),
(215, 39, 'Học có giám sát (Supervised Learning) là gì?', 'Trung bình', '2026-03-04 15:14:11'),
(216, 39, 'Học không giám sát (Unsupervised Learning) là gì?', 'Trung bình', '2026-03-04 15:14:11'),
(217, 39, 'Bài toán phân loại thuộc loại học nào?', 'Dễ', '2026-03-04 15:14:11'),
(218, 39, 'Bài toán hồi quy dùng để làm gì?', 'Trung bình', '2026-03-04 15:14:11'),
(219, 39, 'Dataset trong Machine Learning là gì?', 'Dễ', '2026-03-04 15:14:11'),
(220, 39, 'Overfitting là gì?', 'Khó', '2026-03-04 15:14:11'),
(221, 39, 'Underfitting là gì?', 'Khó', '2026-03-04 15:14:11'),
(222, 39, 'Mục tiêu của Machine Learning là gì?', 'Trung bình', '2026-03-04 15:14:11'),
(223, 40, 'Deep Learning là gì?', 'Dễ', '2026-03-04 15:17:20'),
(224, 40, 'Mạng nơ-ron nhân tạo được lấy cảm hứng từ đâu?', 'Dễ', '2026-03-04 15:17:20'),
(225, 40, 'Một mạng nơ-ron cơ bản gồm những thành phần nào?', 'Trung bình', '2026-03-04 15:17:20'),
(226, 40, 'Hàm kích hoạt (Activation Function) dùng để làm gì?', 'Trung bình', '2026-03-04 15:17:20'),
(227, 40, 'ReLU là viết tắt của cụm từ nào?', 'Trung bình', '2026-03-04 15:17:20'),
(228, 40, 'Backpropagation dùng để làm gì?', 'Khó', '2026-03-04 15:17:20'),
(229, 40, 'Epoch trong huấn luyện mạng nơ-ron là gì?', 'Trung bình', '2026-03-04 15:17:20'),
(230, 40, 'CNN thường được dùng trong lĩnh vực nào?', 'Trung bình', '2026-03-04 15:17:20'),
(231, 40, 'RNN phù hợp xử lý loại dữ liệu nào?', 'Khó', '2026-03-04 15:17:20'),
(232, 40, 'Overfitting trong Deep Learning là gì?', 'Khó', '2026-03-04 15:17:20'),
(233, 31, 'Hàm nào dùng để kiểm tra kiểu dữ liệu trong PHP?', 'Trung bình', '2026-03-04 15:18:37'),
(234, 31, 'Toán tử nối chuỗi trong PHP là gì?', 'Dễ', '2026-03-04 15:18:37'),
(235, 31, 'Vòng lặp nào luôn thực hiện ít nhất một lần?', 'Trung bình', '2026-03-04 15:18:37'),
(236, 31, 'Hàm nào dùng để lấy độ dài chuỗi trong PHP?', 'Dễ', '2026-03-04 15:18:37'),
(237, 31, 'Câu lệnh nào dùng để kết thúc vòng lặp sớm?', 'Trung bình', '2026-03-04 15:18:37'),
(238, 33, 'Câu lệnh nào dùng để chọn các cột cụ thể trong bảng?', 'Dễ', '2026-03-04 15:21:13'),
(239, 33, 'Mệnh đề WHERE được đặt ở vị trí nào trong câu lệnh SELECT?', 'Trung bình', '2026-03-04 15:21:13'),
(240, 33, 'Từ khóa nào dùng để nhóm dữ liệu?', 'Trung bình', '2026-03-04 15:21:13'),
(241, 33, 'HAVING khác WHERE ở điểm nào?', 'Khó', '2026-03-04 15:21:13'),
(242, 33, 'Câu lệnh nào dùng để đếm số dòng trong bảng?', 'Dễ', '2026-03-04 15:21:13'),
(243, 33, 'Hàm nào dùng để tính tổng trong SQL?', 'Dễ', '2026-03-04 15:21:13'),
(244, 33, 'ORDER BY mặc định sắp xếp theo thứ tự nào?', 'Trung bình', '2026-03-04 15:21:13'),
(245, 33, 'Từ khóa ASC có ý nghĩa gì?', 'Dễ', '2026-03-04 15:21:13'),
(246, 33, 'Từ khóa DESC có ý nghĩa gì?', 'Dễ', '2026-03-04 15:21:13'),
(247, 33, 'GROUP BY thường đi kèm với loại hàm nào?', 'Trung bình', '2026-03-04 15:21:13'),
(248, 35, 'Stack có thể được cài đặt bằng cấu trúc dữ liệu nào?', 'Trung bình', '2026-03-04 15:22:46'),
(249, 35, 'Queue có thể được cài đặt bằng cấu trúc dữ liệu nào?', 'Trung bình', '2026-03-04 15:22:46'),
(250, 35, 'Trong Stack, thao tác xem phần tử trên cùng mà không xóa gọi là gì?', 'Trung bình', '2026-03-04 15:22:46'),
(251, 35, 'Trong Queue, phần tử mới được thêm vào vị trí nào?', 'Dễ', '2026-03-04 15:22:46'),
(252, 35, 'Độ phức tạp trung bình của thao tác push trong Stack là bao nhiêu?', 'Khó', '2026-03-04 15:22:46'),
(258, 40, 'aaaa', 'Khó', '2026-03-22 16:08:00'),
(259, 50, 'Trong SQL, lệnh nào được dùng để thay đổi cấu trúc của một bảng đã tồn tại?', 'Dễ', '2026-03-22 16:11:08'),
(260, 50, 'Để xóa toàn bộ dữ liệu trong bảng mà không làm mất cấu trúc bảng và không ghi log từng dòng (nhanh hơn DELETE), ta dùng lệnh:', 'Dễ', '2026-03-22 16:11:44'),
(261, 50, 'aaa', 'Dễ', '2026-03-22 16:23:06'),
(268, 53, 'adaads', 'Dễ', '2026-03-22 16:51:23'),
(270, 55, 'BD đang bug ở đâu ?', 'Trung bình', '2026-03-22 17:36:56'),
(272, 61, 'Cau 1:', 'Dễ', '2026-04-11 12:56:53'),
(273, 61, 'Cau 2', 'Dễ', '2026-04-11 12:57:03'),
(274, 63, 'hello', 'Dễ', '2026-04-11 13:43:21'),
(275, 63, 'Cau kia', 'Dễ', '2026-04-11 13:43:32'),
(276, 63, 'Cau', 'Dễ', '2026-04-11 13:44:05');

-- --------------------------------------------------------

--
-- Table structure for table `dapan`
--

CREATE TABLE `dapan` (
  `id_dapan` int(11) NOT NULL,
  `id_cauhoi` int(11) DEFAULT NULL,
  `noidungdapan` text DEFAULT NULL,
  `dapandung` tinyint(1) DEFAULT NULL
) ENGINE=InnoDB DEFAULT CHARSET=utf8mb4 COLLATE=utf8mb4_general_ci;

--
-- Dumping data for table `dapan`
--

INSERT INTO `dapan` (`id_dapan`, `id_cauhoi`, `noidungdapan`, `dapandung`) VALUES
(666, 133, 'Personal Home Page', 1),
(667, 133, 'Private Home Page', 0),
(668, 133, 'Preprocessor Hypertext', 0),
(669, 133, 'Programming HTML Page', 0),
(670, 134, '$', 1),
(671, 134, '#', 0),
(672, 134, '@', 0),
(673, 134, '&', 0),
(674, 135, 'echo', 1),
(675, 135, 'printscreen', 0),
(676, 135, 'console.log', 0),
(677, 135, 'write', 0),
(678, 136, 'if...else', 1),
(679, 136, 'for', 0),
(680, 136, 'loop', 0),
(681, 136, 'repeat', 0),
(682, 137, 'for', 1),
(683, 137, 'while', 0),
(684, 137, 'foreach file', 0),
(685, 137, 'loopphp', 0),
(686, 138, '==', 1),
(687, 138, '=', 0),
(688, 138, '===!', 0),
(689, 138, '!=!', 0),
(690, 139, 'count()', 1),
(691, 139, 'length()', 0),
(692, 139, 'size()', 0),
(693, 139, 'total()', 0),
(694, 140, 'Lưu thông tin người dùng giữa các trang', 1),
(695, 140, 'Tạo cơ sở dữ liệu', 0),
(696, 140, 'Biên dịch chương trình', 0),
(697, 140, 'Xóa file hệ thống', 0),
(698, 141, 'Thanh địa chỉ URL', 1),
(699, 141, 'Session', 0),
(700, 141, 'Database', 0),
(701, 141, 'File hệ thống', 0),
(702, 142, '.php', 1),
(703, 142, '.html', 0),
(704, 142, '.js', 0),
(705, 142, '.css', 0),
(706, 143, 'Lập trình dựa trên đối tượng và class', 1),
(707, 143, 'Lập trình chỉ dùng biến toàn cục', 0),
(708, 143, 'Lập trình không dùng hàm', 0),
(709, 143, 'Lập trình tuyến tính', 0),
(710, 144, 'class', 1),
(711, 144, 'object', 0),
(712, 144, 'define', 0),
(713, 144, 'function', 0),
(714, 145, 'new', 1),
(715, 145, 'create', 0),
(716, 145, 'object', 0),
(717, 145, 'make', 0),
(718, 146, '__construct()', 1),
(719, 146, 'init()', 0),
(720, 146, 'start()', 0),
(721, 146, '__start()', 0),
(722, 147, 'extends', 1),
(723, 147, 'inherit', 0),
(724, 147, 'implement', 0),
(725, 147, 'include', 0),
(726, 148, 'Có thể truy cập ở mọi nơi', 1),
(727, 148, 'Chỉ trong class', 0),
(728, 148, 'Chỉ class con', 0),
(729, 148, 'Không truy cập được', 0),
(730, 149, 'Chỉ truy cập trong class đó', 1),
(731, 149, 'Truy cập mọi nơi', 0),
(732, 149, 'Chỉ ngoài class', 0),
(733, 149, 'Không dùng được', 0),
(734, 150, 'Thuộc tính hoặc phương thức dùng chung cho class', 1),
(735, 150, 'Biến toàn cục', 0),
(736, 150, 'Hàm riêng cho object', 0),
(737, 150, 'Không có tác dụng', 0),
(738, 151, 'interface', 1),
(739, 151, 'implements', 0),
(740, 151, 'abstract', 0),
(741, 151, 'extends', 0),
(742, 152, 'Không cho class bị kế thừa hoặc phương thức bị override', 1),
(743, 152, 'Cho phép kế thừa nhiều lần', 0),
(744, 152, 'Tạo object mới', 0),
(745, 152, 'Xóa class', 0),
(746, 153, 'SELECT', 1),
(747, 153, 'INSERT', 0),
(748, 153, 'DELETE', 0),
(749, 153, 'UPDATE', 0),
(750, 154, 'Lấy dữ liệu từ bảng', 1),
(751, 154, 'Xóa dữ liệu', 0),
(752, 154, 'Thêm dữ liệu', 0),
(753, 154, 'Cập nhật dữ liệu', 0),
(754, 155, 'WHERE', 1),
(755, 155, 'ORDER BY', 0),
(756, 155, 'GROUP BY', 0),
(757, 155, 'LIMIT', 0),
(758, 156, 'ORDER BY', 1),
(759, 156, 'WHERE', 0),
(760, 156, 'HAVING', 0),
(761, 156, 'SELECT BY', 0),
(762, 157, '*', 1),
(763, 157, '%', 0),
(764, 157, '#', 0),
(765, 157, '@', 0),
(766, 158, 'DISTINCT', 1),
(767, 158, 'UNIQUE', 0),
(768, 158, 'FILTER', 0),
(769, 158, 'REMOVE', 0),
(770, 159, 'LIMIT', 1),
(771, 159, 'BETWEEN', 0),
(772, 159, 'HAVING', 0),
(773, 159, 'TOPIC', 0),
(774, 160, 'Lọc dữ liệu trong khoảng giá trị', 1),
(775, 160, 'Sắp xếp dữ liệu', 0),
(776, 160, 'Xóa dữ liệu', 0),
(777, 160, 'Tạo bảng mới', 0),
(778, 161, 'Kiểm tra giá trị NULL', 1),
(779, 161, 'Kiểm tra số âm', 0),
(780, 161, 'Kiểm tra số dương', 0),
(781, 161, 'Kiểm tra chuỗi', 0),
(782, 162, 'Tìm kiếm theo mẫu ký tự', 1),
(783, 162, 'Sắp xếp dữ liệu', 0),
(784, 162, 'Tạo khóa chính', 0),
(785, 162, 'Xóa bảng', 0),
(786, 163, 'Kết nối dữ liệu từ nhiều bảng', 1),
(787, 163, 'Xóa bảng', 0),
(788, 163, 'Tạo bảng mới', 0),
(789, 163, 'Cập nhật dữ liệu', 0),
(790, 164, 'Chỉ các dòng có dữ liệu khớp ở cả hai bảng', 1),
(791, 164, 'Tất cả dữ liệu bảng trái', 0),
(792, 164, 'Tất cả dữ liệu bảng phải', 0),
(793, 164, 'Tất cả dữ liệu cả hai bảng không điều kiện', 0),
(794, 165, 'Tất cả dữ liệu bảng trái và dữ liệu khớp bảng phải', 1),
(795, 165, 'Chỉ dữ liệu khớp', 0),
(796, 165, 'Tất cả dữ liệu bảng phải', 0),
(797, 165, 'Không trả về gì', 0),
(798, 166, 'Tất cả dữ liệu bảng phải và dữ liệu khớp bảng trái', 1),
(799, 166, 'Chỉ dữ liệu bảng trái', 0),
(800, 166, 'Chỉ dữ liệu khớp', 0),
(801, 166, 'Không có dữ liệu', 0),
(802, 167, 'Tất cả dữ liệu cả hai bảng dù có khớp hay không', 1),
(803, 167, 'Chỉ dữ liệu khớp', 0),
(804, 167, 'Chỉ bảng trái', 0),
(805, 167, 'Chỉ bảng phải', 0),
(806, 168, 'Xác định điều kiện kết nối giữa các bảng', 1),
(807, 168, 'Sắp xếp dữ liệu', 0),
(808, 168, 'Lọc dữ liệu', 0),
(809, 168, 'Nhóm dữ liệu', 0),
(810, 169, 'Khóa chính và khóa ngoại', 1),
(811, 169, 'Tên bảng', 0),
(812, 169, 'Tên database', 0),
(813, 169, 'Kiểu dữ liệu', 0),
(814, 170, 'Đặt tên ngắn gọn cho bảng để dễ truy vấn', 1),
(815, 170, 'Tạo bảng mới', 0),
(816, 170, 'Xóa bảng', 0),
(817, 170, 'Đổi kiểu dữ liệu', 0),
(818, 171, 'Tạo tích Descartes (mọi dòng kết hợp với nhau)', 1),
(819, 171, 'Không trả về dữ liệu', 0),
(820, 171, 'Chỉ dữ liệu khớp', 0),
(821, 171, 'Chỉ bảng trái', 0),
(822, 172, 'Kết hợp mọi dòng của hai bảng với nhau', 1),
(823, 172, 'Chỉ dòng khớp', 0),
(824, 172, 'Chỉ bảng trái', 0),
(825, 172, 'Chỉ bảng phải', 0),
(826, 173, 'LIFO (Vào sau ra trước)', 1),
(827, 173, 'FIFO (Vào trước ra trước)', 0),
(828, 173, 'Ngẫu nhiên', 0),
(829, 173, 'Song song', 0),
(830, 174, 'FIFO (Vào trước ra trước)', 1),
(831, 174, 'LIFO (Vào sau ra trước)', 0),
(832, 174, 'Ngẫu nhiên', 0),
(833, 174, 'Đảo ngược', 0),
(834, 175, 'Push', 1),
(835, 175, 'Pop', 0),
(836, 175, 'Enqueue', 0),
(837, 175, 'Dequeue', 0),
(838, 176, 'Pop', 1),
(839, 176, 'Push', 0),
(840, 176, 'Insert', 0),
(841, 176, 'RemoveAll', 0),
(842, 177, 'Enqueue', 1),
(843, 177, 'Push', 0),
(844, 177, 'Pop', 0),
(845, 177, 'Delete', 0),
(846, 178, 'Dequeue', 1),
(847, 178, 'Push', 0),
(848, 178, 'Insert', 0),
(849, 178, 'Append', 0),
(850, 179, 'Phần tử ở đỉnh Stack', 1),
(851, 179, 'Phần tử ở đáy Stack', 0),
(852, 179, 'Phần tử ở giữa', 0),
(853, 179, 'Bất kỳ phần tử nào', 0),
(854, 180, 'Phần tử đầu hàng đợi', 1),
(855, 180, 'Phần tử cuối hàng đợi', 0),
(856, 180, 'Phần tử giữa', 0),
(857, 180, 'Ngẫu nhiên', 0),
(858, 181, 'Kiểm tra dấu ngoặc và undo/redo', 1),
(859, 181, 'Lưu trữ dữ liệu cố định', 0),
(860, 181, 'In dữ liệu ra màn hình', 0),
(861, 181, 'Tạo database', 0),
(862, 182, 'Quản lý hàng chờ in hoặc xử lý tác vụ', 1),
(863, 182, 'Lưu mật khẩu', 0),
(864, 182, 'Sắp xếp nhanh', 0),
(865, 182, 'Tính toán ma trận', 0),
(866, 183, 'So sánh và hoán đổi các phần tử kề nhau', 1),
(867, 183, 'Chia mảng thành hai nửa bằng nhau', 0),
(868, 183, 'Chọn phần tử nhỏ nhất mỗi lần', 0),
(869, 183, 'Chèn phần tử vào vị trí đúng', 0),
(870, 184, 'O(n^2)', 1),
(871, 184, 'O(n log n)', 0),
(872, 184, 'O(log n)', 0),
(873, 184, 'O(n)', 0),
(874, 185, 'Chia để trị (Divide and Conquer)', 1),
(875, 185, 'Tham lam (Greedy)', 0),
(876, 185, 'Quy hoạch động', 0),
(877, 185, 'Tìm kiếm tuyến tính', 0),
(878, 186, 'O(n log n)', 1),
(879, 186, 'O(n^2)', 0),
(880, 186, 'O(n)', 0),
(881, 186, 'O(log n)', 0),
(882, 187, 'Chia để trị', 1),
(883, 187, 'Duyệt tuyến tính', 0),
(884, 187, 'Đệ quy đơn giản', 0),
(885, 187, 'Hoán vị toàn bộ', 0),
(886, 188, 'Pivot', 1),
(887, 188, 'Root', 0),
(888, 188, 'Node', 0),
(889, 188, 'Key', 0),
(890, 189, 'O(n^2)', 1),
(891, 189, 'O(n)', 0),
(892, 189, 'O(log n)', 0),
(893, 189, 'O(1)', 0),
(894, 190, 'Dễ cài đặt và hiểu', 1),
(895, 190, 'Nhanh nhất mọi trường hợp', 0),
(896, 190, 'Không cần hoán đổi', 0),
(897, 190, 'Không dùng vòng lặp', 0),
(898, 191, 'Nhanh hơn trong trung bình với mảng lớn', 1),
(899, 191, 'Luôn có độ phức tạp O(n^2)', 0),
(900, 191, 'Không dùng đệ quy', 0),
(901, 191, 'Không cần pivot', 0),
(902, 192, 'So sánh từng cặp phần tử liền kề', 1),
(903, 192, 'So sánh phần tử đầu và cuối', 0),
(904, 192, 'Chỉ so sánh một lần', 0),
(905, 192, 'Không cần so sánh', 0),
(906, 193, '7', 1),
(907, 193, '5', 0),
(908, 193, '6', 0),
(909, 193, '4', 0),
(910, 194, 'Physical', 1),
(911, 194, 'Transport', 0),
(912, 194, 'Session', 0),
(913, 194, 'Application', 0),
(914, 195, 'Định tuyến và chuyển tiếp gói tin', 1),
(915, 195, 'Mã hóa dữ liệu', 0),
(916, 195, 'Hiển thị giao diện người dùng', 0),
(917, 195, 'Quản lý phiên làm việc', 0),
(918, 196, 'Đảm bảo truyền dữ liệu tin cậy', 1),
(919, 196, 'Hiển thị dữ liệu', 0),
(920, 196, 'Kết nối vật lý', 0),
(921, 196, 'Chuyển đổi tín hiệu', 0),
(922, 197, 'Presentation', 1),
(923, 197, 'Network', 0),
(924, 197, 'Physical', 0),
(925, 197, 'Data Link', 0),
(926, 198, 'Cung cấp dịch vụ mạng cho người dùng', 1),
(927, 198, 'Truyền tín hiệu điện', 0),
(928, 198, 'Định tuyến', 0),
(929, 198, 'Kiểm soát lỗi vật lý', 0),
(930, 199, 'Kiểm soát lỗi và đóng gói frame', 1),
(931, 199, 'Định tuyến IP', 0),
(932, 199, 'Mã hóa dữ liệu', 0),
(933, 199, 'Quản lý ứng dụng', 0),
(934, 200, 'Transport', 1),
(935, 200, 'Network', 0),
(936, 200, 'Application', 0),
(937, 200, 'Physical', 0),
(938, 201, 'Packet', 1),
(939, 201, 'Frame', 0),
(940, 201, 'Bit', 0),
(941, 201, 'Segment', 0),
(942, 202, 'Physical → Data Link → Network → Transport → Session → Presentation → Application', 1),
(943, 202, 'Application → Presentation → Session → Transport → Network → Data Link → Physical', 0),
(944, 202, 'Physical → Network → Data Link → Transport → Application → Session → Presentation', 0),
(945, 202, 'Transport → Network → Physical → Application → Session → Data Link → Presentation', 0),
(946, 203, '4', 1),
(947, 203, '5', 0),
(948, 203, '7', 0),
(949, 203, '3', 0),
(950, 204, 'Transport', 1),
(951, 204, 'Application', 0),
(952, 204, 'Internet', 0),
(953, 204, 'Network Access', 0),
(954, 205, 'Internet Protocol', 1),
(955, 205, 'Internal Process', 0),
(956, 205, 'Internet Port', 0),
(957, 205, 'Internal Protocol', 0),
(958, 206, '32 bit', 1),
(959, 206, '64 bit', 0),
(960, 206, '128 bit', 0),
(961, 206, '16 bit', 0),
(962, 207, '128 bit', 1),
(963, 207, '32 bit', 0),
(964, 207, '64 bit', 0),
(965, 207, '256 bit', 0),
(966, 208, 'Đảm bảo truyền dữ liệu tin cậy', 1),
(967, 208, 'Truyền dữ liệu không kiểm soát', 0),
(968, 208, 'Không cần kết nối', 0),
(969, 208, 'Chỉ dùng cho email', 0),
(970, 209, 'UDP không đảm bảo truyền dữ liệu tin cậy', 1),
(971, 209, 'UDP chậm hơn TCP', 0),
(972, 209, 'UDP có cơ chế kiểm soát lỗi mạnh hơn', 0),
(973, 209, 'UDP yêu cầu kết nối trước khi gửi', 0),
(974, 210, 'Xác định thiết bị trên mạng', 1),
(975, 210, 'Lưu mật khẩu', 0),
(976, 210, 'Tăng tốc độ mạng', 0),
(977, 210, 'Mã hóa dữ liệu', 0),
(978, 211, 'Xác định dịch vụ ứng dụng trên thiết bị', 1),
(979, 211, 'Xác định địa chỉ MAC', 0),
(980, 211, 'Xác định loại dây mạng', 0),
(981, 211, 'Xác định hệ điều hành', 0),
(982, 212, 'SMTP', 1),
(983, 212, 'FTP', 0),
(984, 212, 'HTTP', 0),
(985, 212, 'ARP', 0),
(986, 213, 'Phần mềm thiết kế web', 0),
(987, 213, 'Lĩnh vực giúp máy tính học từ dữ liệu', 1),
(988, 213, 'Hệ điều hành', 0),
(989, 213, 'Cơ sở dữ liệu', 0),
(990, 214, 'Mạng máy tính', 0),
(991, 214, 'Hệ điều hành', 0),
(992, 214, 'Trí tuệ nhân tạo (AI)', 1),
(993, 214, 'Lập trình web', 0),
(994, 215, 'Học không cần dữ liệu', 0),
(995, 215, 'Học từ dữ liệu không nhãn', 0),
(996, 215, 'Học ngẫu nhiên', 0),
(997, 215, 'Học từ dữ liệu có nhãn', 1),
(998, 216, 'Học có giám sát', 0),
(999, 216, 'Học từ dữ liệu có nhãn', 0),
(1000, 216, 'Học từ dữ liệu không có nhãn', 1),
(1001, 216, 'Học qua mạng LAN', 0),
(1002, 217, 'Unsupervised Learning', 0),
(1003, 217, 'Supervised Learning', 1),
(1004, 217, 'Random Learning', 0),
(1005, 217, 'Reinforcement Learning', 0),
(1006, 218, 'Dự đoán giá trị liên tục', 1),
(1007, 218, 'Phân loại hình ảnh', 0),
(1008, 218, 'Nhóm dữ liệu', 0),
(1009, 218, 'Xóa dữ liệu', 0),
(1010, 219, 'Hệ điều hành', 0),
(1011, 219, 'Thuật toán sắp xếp', 0),
(1012, 219, 'Tập dữ liệu dùng để huấn luyện mô hình', 1),
(1013, 219, 'Phần mềm học máy', 0),
(1014, 220, 'Mô hình quá đơn giản', 0),
(1015, 220, 'Mô hình không học gì', 0),
(1016, 220, 'Mô hình chạy nhanh', 0),
(1017, 220, 'Mô hình học quá sát dữ liệu huấn luyện', 1),
(1018, 221, 'Mô hình chính xác tuyệt đối', 0),
(1019, 221, 'Mô hình quá đơn giản, không học được mẫu dữ liệu', 1),
(1020, 221, 'Mô hình quá phức tạp', 0),
(1021, 221, 'Mô hình không dùng dữ liệu', 0),
(1022, 222, 'Tạo website', 0),
(1023, 222, 'Quản lý cơ sở dữ liệu', 0),
(1024, 222, 'Xây dựng mô hình dự đoán từ dữ liệu', 1),
(1025, 222, 'Thiết kế phần cứng', 0),
(1030, 224, 'Bộ vi xử lý máy tính', 0),
(1031, 224, 'Cấu trúc não người', 1),
(1032, 224, 'Hệ điều hành Linux', 0),
(1033, 224, 'Mạng Internet', 0),
(1034, 225, 'Input layer, Hidden layer, Output layer', 1),
(1035, 225, 'Database và Server', 0),
(1036, 225, 'Router và Switch', 0),
(1037, 225, 'CPU và RAM', 0),
(1038, 226, 'Xóa dữ liệu', 0),
(1039, 226, 'Lưu mô hình', 0),
(1040, 226, 'Tăng tính phi tuyến cho mô hình', 1),
(1041, 226, 'Tăng dung lượng RAM', 0),
(1042, 227, 'Random Linear Unit', 0),
(1043, 227, 'Rectified Linear Unit', 1),
(1044, 227, 'Reduced Learning Unit', 0),
(1045, 227, 'Recursive Logic Unit', 0),
(1046, 228, 'Cập nhật trọng số dựa trên lỗi', 1),
(1047, 228, 'Xóa dữ liệu sai', 0),
(1048, 228, 'Tăng tốc độ mạng', 0),
(1049, 228, 'Tạo dataset mới', 0),
(1050, 229, 'Một lớp mạng nơ-ron', 0),
(1051, 229, 'Một hàm kích hoạt', 0),
(1052, 229, 'Một thuật toán mới', 0),
(1053, 229, 'Một lần duyệt toàn bộ tập dữ liệu huấn luyện', 1),
(1054, 230, 'Quản lý cơ sở dữ liệu', 0),
(1055, 230, 'Xử lý hình ảnh', 1),
(1056, 230, 'Gửi email', 0),
(1057, 230, 'Thiết kế phần cứng', 0),
(1058, 231, 'Dữ liệu hình ảnh tĩnh', 0),
(1059, 231, 'Dữ liệu chuỗi như văn bản hoặc thời gian', 1),
(1060, 231, 'Dữ liệu số nguyên', 0),
(1061, 231, 'Dữ liệu bảng SQL', 0),
(1062, 232, 'Mô hình học quá sát dữ liệu huấn luyện', 1),
(1063, 232, 'Mô hình không học gì', 0),
(1064, 232, 'Mô hình quá đơn giản', 0),
(1065, 232, 'Mô hình không dùng dữ liệu', 0),
(1066, 233, 'checktype()', 0),
(1067, 233, 'gettype()', 1),
(1068, 233, 'datatype()', 0),
(1069, 233, 'vartype()', 0),
(1070, 234, '+', 0),
(1071, 234, '&', 0),
(1072, 234, '.', 1),
(1073, 234, 'concat', 0),
(1074, 235, 'for', 0),
(1075, 235, 'while', 0),
(1076, 235, 'foreach', 0),
(1077, 235, 'do...while', 1),
(1078, 236, 'strlen()', 1),
(1079, 236, 'length()', 0),
(1080, 236, 'count()', 0),
(1081, 236, 'size()', 0),
(1082, 237, 'continue', 0),
(1083, 237, 'exit', 0),
(1084, 237, 'break', 1),
(1085, 237, 'stop', 0),
(1086, 238, 'INSERT', 0),
(1087, 238, 'UPDATE', 0),
(1088, 238, 'SELECT', 1),
(1089, 238, 'DELETE', 0),
(1090, 239, 'Sau ORDER BY', 0),
(1091, 239, 'Sau FROM', 1),
(1092, 239, 'Trước SELECT', 0),
(1093, 239, 'Cuối câu lệnh', 0),
(1094, 240, 'ORDER BY', 0),
(1095, 240, 'GROUP BY', 1),
(1096, 240, 'WHERE', 0),
(1097, 240, 'LIMIT', 0),
(1098, 241, 'HAVING lọc sau khi GROUP BY', 1),
(1099, 241, 'HAVING lọc trước SELECT', 0),
(1100, 241, 'HAVING dùng để sắp xếp', 0),
(1101, 241, 'HAVING xóa dữ liệu', 0),
(1102, 242, 'SUM()', 0),
(1103, 242, 'COUNT()', 1),
(1104, 242, 'TOTAL()', 0),
(1105, 242, 'NUMBER()', 0),
(1106, 243, 'AVG()', 0),
(1107, 243, 'SUM()', 1),
(1108, 243, 'ADD()', 0),
(1109, 243, 'PLUS()', 0),
(1110, 244, 'Giảm dần', 0),
(1111, 244, 'Ngẫu nhiên', 0),
(1112, 244, 'Tăng dần', 1),
(1113, 244, 'Không sắp xếp', 0),
(1114, 245, 'Sắp xếp giảm dần', 0),
(1115, 245, 'Sắp xếp tăng dần', 1),
(1116, 245, 'Lọc dữ liệu', 0),
(1117, 245, 'Nhóm dữ liệu', 0),
(1118, 246, 'Sắp xếp tăng dần', 0),
(1119, 246, 'Lọc dữ liệu', 0),
(1120, 246, 'Sắp xếp giảm dần', 1),
(1121, 246, 'Tạo bảng', 0),
(1122, 247, 'Hàm tổng hợp (Aggregate function)', 1),
(1123, 247, 'Hàm chuỗi', 0),
(1124, 247, 'Hàm ngày tháng', 0),
(1125, 247, 'Hàm điều kiện', 0),
(1126, 248, 'Mảng hoặc danh sách liên kết', 1),
(1127, 248, 'Chỉ dùng cây nhị phân', 0),
(1128, 248, 'Chỉ dùng đồ thị', 0),
(1129, 248, 'Không thể cài đặt được', 0),
(1130, 249, 'Cây nhị phân', 0),
(1131, 249, 'Mảng hoặc danh sách liên kết', 1),
(1132, 249, 'Đồ thị', 0),
(1133, 249, 'Không dùng cấu trúc nào', 0),
(1134, 250, 'Peek', 1),
(1135, 250, 'Pop', 0),
(1136, 250, 'Push', 0),
(1137, 250, 'Insert', 0),
(1138, 251, 'Đầu hàng đợi', 0),
(1139, 251, 'Giữa hàng đợi', 0),
(1140, 251, 'Cuối hàng đợi', 1),
(1141, 251, 'Ngẫu nhiên', 0),
(1142, 252, 'O(n)', 0),
(1143, 252, 'O(1)', 1),
(1144, 252, 'O(log n)', 0),
(1145, 252, 'O(n^2)', 0),
(1154, 223, 'Một nhánh của học sâu dùng mạng nhiều tầng', 1),
(1155, 223, 'Phần mềm quản lý dữ liệu', 0),
(1156, 223, 'Hệ điều hành AI', 0),
(1157, 223, 'Ngôn ngữ lập trình', 0),
(1198, 258, 'áa', 1),
(1199, 258, 'âs', 0),
(1204, 260, 'DROP TABLE', 0),
(1205, 260, 'TRUNCATE TABLE', 0),
(1206, 260, 'DELETE FROM', 0),
(1207, 260, 'REMOVE TABLE', 1),
(1212, 259, 'UPDATE TABLE', 0),
(1213, 259, 'CREATE TABLE', 0),
(1214, 259, 'ALTER TABLE', 1),
(1215, 259, 'DELETE TABLE', 0),
(1216, 261, 'asss', 0),
(1217, 261, 'ssss', 1),
(1232, 268, 'adsaas', 0),
(1233, 268, 'aasddasa', 1),
(1238, 270, 'A', 1),
(1239, 270, 'B', 0),
(1240, 270, 'C', 0),
(1241, 270, 'D', 0),
(1244, 272, 'A', 1),
(1245, 272, 'B', 0),
(1246, 273, 'A', 1),
(1247, 273, 'B', 0),
(1248, 274, 'A', 1),
(1249, 274, 'B', 0),
(1250, 274, 'V', 0),
(1251, 274, 'D', 0),
(1252, 275, 'A', 0),
(1253, 275, 'B', 1),
(1254, 276, 'B', 0),
(1255, 276, 'C', 1);

-- --------------------------------------------------------

--
-- Table structure for table `lanthi`
--

CREATE TABLE `lanthi` (
  `id_lanthi` int(11) NOT NULL,
  `id_nguoidung` int(11) DEFAULT NULL,
  `id_baithi` int(11) DEFAULT NULL,
  `thoigianbatdau` datetime DEFAULT NULL,
  `thoigiannop` datetime DEFAULT NULL,
  `diem` float DEFAULT NULL,
  `thoigianconlai` int(11) DEFAULT NULL,
  `cautraloi_tam` text DEFAULT NULL,
  `trangthai` varchar(50) DEFAULT NULL,
  `socaudung` int(11) DEFAULT NULL,
  `tongdiem_toida` float DEFAULT NULL
) ENGINE=InnoDB DEFAULT CHARSET=utf8mb4 COLLATE=utf8mb4_general_ci;

--
-- Dumping data for table `lanthi`
--

INSERT INTO `lanthi` (`id_lanthi`, `id_nguoidung`, `id_baithi`, `thoigianbatdau`, `thoigiannop`, `diem`, `thoigianconlai`, `cautraloi_tam`, `trangthai`, `socaudung`, `tongdiem_toida`) VALUES
(6, 6, 32, '2026-03-04 22:04:28', '2026-03-20 13:58:25', 0, NULL, NULL, 'done', 0, 10),
(7, 6, 31, '2026-03-04 22:04:42', '2026-03-20 13:58:19', 0, NULL, NULL, 'done', 0, 10),
(8, 6, 39, '2026-03-04 22:04:52', '2026-03-04 22:11:52', 0, NULL, NULL, 'done', 0, 10),
(9, 6, 37, '2026-03-04 22:05:39', '2026-03-04 22:26:57', 1, NULL, NULL, 'done', 1, 10),
(10, 6, 40, '2026-03-04 22:12:02', '2026-03-04 22:15:44', 0, NULL, NULL, 'done', 0, 10),
(11, 6, 36, '2026-03-04 22:15:57', '2026-03-04 22:26:00', 0, NULL, NULL, 'done', 0, 10),
(12, 6, 38, '2026-03-04 22:28:16', '2026-03-04 22:28:25', 4, NULL, NULL, 'done', 4, 10),
(13, 6, 38, '2026-03-04 22:32:59', '2026-03-04 22:33:02', 0, NULL, NULL, 'done', 0, 10),
(14, 6, 38, '2026-03-04 22:33:08', '2026-03-04 22:33:11', 0, NULL, NULL, 'done', 0, 10),
(15, 6, 38, '2026-03-04 22:33:14', '2026-03-04 22:33:38', 0, NULL, NULL, 'done', 0, 10),
(16, 6, 38, '2026-03-04 22:33:39', '2026-03-04 22:33:42', 0, NULL, NULL, 'done', 0, 10),
(17, 6, 38, '2026-03-04 22:35:24', '2026-03-04 22:35:36', 3, NULL, NULL, 'done', 3, 10),
(18, 6, 35, '2026-03-04 22:36:10', '2026-03-20 13:58:17', 0, NULL, NULL, 'done', 0, 10),
(19, 6, 38, '2026-03-04 22:39:38', '2026-03-04 22:55:08', 8, NULL, NULL, 'done', 8, 10),
(20, 6, 39, '2026-03-04 22:40:02', '2026-03-04 22:41:38', 3, NULL, NULL, 'done', 3, 10),
(21, 6, 40, '2026-03-04 22:42:38', '2026-03-04 22:42:40', 0, NULL, NULL, 'done', 0, 10),
(22, 6, 39, '2026-03-04 22:42:47', '2026-03-04 22:57:51', 8, NULL, NULL, 'done', 8, 10),
(23, 6, 36, '2026-03-04 22:43:57', '2026-03-04 22:49:30', 0, NULL, NULL, 'done', 0, 10),
(24, 7, 38, '2026-03-04 23:15:24', '2026-03-05 00:21:15', 0, NULL, NULL, 'done', 0, 10),
(25, 6, 38, '2026-03-04 23:15:57', '2026-03-20 13:57:42', 0, NULL, NULL, 'done', 0, 10),
(26, 7, 39, '2026-03-04 23:18:58', '2026-03-04 23:43:40', 6, NULL, NULL, 'done', 6, 10),
(27, 7, 39, '2026-03-05 00:21:22', '2026-03-05 00:49:12', 1, NULL, NULL, 'done', 1, 10),
(28, 7, 38, '2026-03-05 00:33:02', '2026-03-05 00:49:31', 0, NULL, NULL, 'done', 0, 10),
(29, 7, 35, '2026-03-05 00:41:38', '2026-03-05 00:50:11', 2, NULL, NULL, 'done', 3, 10),
(30, 7, 34, '2026-03-05 00:43:06', '2026-03-05 00:49:37', 0, NULL, NULL, 'done', 0, 10),
(31, 7, 33, '2026-03-05 00:51:09', '2026-03-05 00:51:13', 0, NULL, NULL, 'done', 0, 10),
(32, 7, 39, '2026-03-05 00:54:41', '2026-03-05 00:54:49', 2, NULL, NULL, 'done', 2, 10),
(33, 7, 39, '2026-03-05 00:57:15', '2026-03-05 00:58:28', 5, NULL, NULL, 'done', 5, 10),
(34, 7, 38, '2026-03-05 00:57:42', '2026-03-05 01:00:06', 1, NULL, NULL, 'done', 1, 10),
(35, 7, 39, '2026-03-05 01:01:48', '2026-03-05 01:02:02', 1, NULL, NULL, 'done', 1, 10),
(36, 7, 40, '2026-03-05 01:03:52', '2026-03-05 01:03:55', 0, NULL, NULL, 'done', 0, 10),
(37, 7, 37, '2026-03-05 01:04:41', '2026-03-05 01:04:50', 2, NULL, NULL, 'done', 2, 10),
(38, 7, 33, '2026-03-05 01:07:02', '2026-03-05 01:08:45', 0, NULL, NULL, 'done', 0, 10),
(39, 7, 39, '2026-03-05 01:09:02', '2026-03-05 01:09:40', 0, NULL, NULL, 'done', 0, 10),
(40, 7, 38, '2026-03-05 01:09:05', '2026-03-05 15:12:02', 0, NULL, NULL, 'done', 0, 10),
(41, 7, 37, '2026-03-05 01:09:07', '2026-03-05 15:12:26', 1, NULL, NULL, 'done', 1, 10),
(42, 7, 40, '2026-03-05 15:12:07', '2026-03-05 15:12:52', 5, NULL, NULL, 'done', 5, 10),
(43, 7, 34, '2026-03-06 15:08:21', '2026-03-06 15:09:37', 2, NULL, NULL, 'done', 2, 10),
(44, 8, 39, '2026-03-20 09:50:04', '2026-03-20 09:50:44', 2, NULL, NULL, 'done', 2, 10),
(45, 8, 34, '2026-03-20 09:52:02', '2026-03-20 09:52:47', 5, NULL, NULL, 'done', 5, 10),
(46, 9, 40, '2026-03-20 10:44:40', '2026-03-20 10:45:02', 1, NULL, NULL, 'done', 1, 10),
(47, 9, 39, '2026-03-20 10:45:07', '2026-03-20 10:47:04', 0, NULL, NULL, 'done', 0, 10),
(48, 9, 40, '2026-03-20 10:45:53', '2026-03-20 10:46:04', 1, NULL, NULL, 'done', 1, 10),
(49, 9, 40, '2026-03-20 10:46:52', '2026-03-20 10:47:01', 0, NULL, NULL, 'done', 0, 10),
(50, 9, 40, '2026-03-20 10:47:07', '2026-03-20 10:47:14', 0, NULL, NULL, 'done', 0, 10),
(51, 9, 40, '2026-03-20 10:47:45', '2026-03-20 10:47:50', 0, NULL, NULL, 'done', 0, 10),
(52, 9, 40, '2026-03-20 10:47:52', '2026-03-20 10:50:28', 0, NULL, NULL, 'done', 0, 10),
(53, 9, 38, '2026-03-20 10:50:45', '2026-03-20 12:09:36', 0, NULL, NULL, 'done', 0, 10),
(54, 9, 40, '2026-03-20 12:09:46', '2026-03-20 12:10:11', 0, NULL, NULL, 'done', 0, 10),
(55, 9, 40, '2026-03-20 12:10:14', '2026-03-20 13:52:39', 0, NULL, NULL, 'done', 0, 10),
(56, 9, 40, '2026-03-20 13:52:45', '2026-03-20 14:24:36', 1, NULL, NULL, 'done', 1, 10),
(57, 6, 38, '2026-03-20 13:57:44', '2026-03-20 13:59:17', 0, NULL, NULL, 'done', 0, 10),
(58, 9, 39, '2026-03-20 13:59:02', '2026-03-20 14:02:01', 0, NULL, NULL, 'done', 0, 10),
(59, 9, 39, '2026-03-20 14:04:52', '2026-03-20 14:12:48', 0, NULL, NULL, 'done', 0, 10),
(60, 9, 38, '2026-03-20 14:12:33', '2026-03-20 14:25:01', 10, NULL, NULL, 'done', 10, 10),
(61, 6, 37, '2026-03-20 14:21:07', '2026-03-20 16:54:14', 0, NULL, NULL, 'done', 0, 10),
(62, 9, 37, '2026-03-20 14:22:02', '2026-03-20 14:22:14', 10, NULL, NULL, 'done', 10, 10),
(63, 9, 37, '2026-03-20 14:25:07', '2026-03-20 16:53:43', 0, NULL, NULL, 'done', 0, 10),
(64, 9, 34, '2026-03-20 14:25:10', '2026-03-20 16:53:24', 0, NULL, NULL, 'done', 0, 10),
(65, 9, 40, '2026-03-20 14:25:13', '2026-03-20 16:53:10', 0, NULL, NULL, 'done', 0, 10),
(66, 6, 38, '2026-03-20 14:26:57', '2026-03-20 16:54:10', 0, NULL, NULL, 'done', 0, 10),
(67, 9, 38, '2026-03-20 14:39:02', '2026-03-20 16:53:48', 0, NULL, NULL, 'done', 0, 10),
(68, 9, 39, '2026-03-20 16:27:06', '2026-03-20 16:39:46', 0, NULL, NULL, 'done', 0, 10),
(69, 9, 36, '2026-03-20 16:35:03', '2026-03-20 16:40:20', 10, NULL, NULL, 'done', 10, 10),
(70, 9, 35, '2026-03-20 16:35:23', '2026-03-20 16:41:48', 0, NULL, NULL, 'done', 0, 10),
(71, 12, 40, '2026-03-20 16:36:25', '2026-03-20 16:49:19', 1, NULL, NULL, 'done', 1, 10),
(72, 9, 39, '2026-03-20 16:43:18', '2026-03-20 16:43:23', 1, NULL, NULL, 'done', 1, 10),
(73, 9, 39, '2026-03-20 16:44:06', '2026-03-20 16:53:54', 0, NULL, NULL, 'done', 0, 10),
(74, 9, 33, '2026-03-20 16:44:13', '2026-03-20 16:53:19', 0, NULL, NULL, 'done', 0, 10),
(75, 9, 36, '2026-03-20 16:47:57', '2026-03-20 16:48:00', 1, NULL, NULL, 'done', 1, 10),
(76, 9, 36, '2026-03-20 16:48:04', '2026-03-20 16:48:13', 10, NULL, NULL, 'done', 10, 10),
(77, 9, 32, '2026-03-20 16:48:17', '2026-03-20 16:48:28', 0, NULL, NULL, 'done', 0, 10),
(78, 12, 35, '2026-03-20 16:49:28', '2026-03-20 16:50:25', 0, NULL, NULL, 'done', 0, 10),
(79, 9, 40, '2026-03-20 16:55:32', '2026-03-20 16:57:31', 0, NULL, NULL, 'done', 0, 10),
(80, 9, 39, '2026-03-20 16:55:56', '2026-03-20 16:57:40', 0, NULL, NULL, 'done', 0, 10),
(81, 9, 37, '2026-03-20 16:57:43', '2026-03-20 17:03:35', 0, 1152, '[]', 'done', 0, 10),
(82, 9, 40, '2026-03-20 17:01:37', '2026-03-20 17:04:10', 0, 1106, '[]', 'done', 0, 10),
(83, 9, 38, '2026-03-20 17:05:01', '2026-03-20 17:11:38', 1, 1184, '{\"203\":\"946\"}', 'done', 1, 10),
(84, 9, 37, '2026-03-20 17:08:03', '2026-03-20 17:11:18', 2, 1417, '{\"193\":\"909\",\"194\":\"913\",\"195\":\"914\",\"196\":\"918\"}', 'done', 2, 10),
(85, 9, 38, '2026-03-20 17:12:32', '2026-03-20 17:19:13', 2, 1190, '{\"203\":\"946\",\"204\":\"950\"}', 'done', 2, 10),
(86, 9, 36, '2026-03-20 17:13:38', '2026-03-20 17:19:39', 0, 596, '[]', 'done', 0, 10),
(87, 9, 37, '2026-03-20 17:16:21', '2026-03-20 17:20:19', 0, 1419, '[]', 'done', 0, 10),
(88, 9, 35, '2026-03-20 17:17:02', '2026-03-20 17:20:07', 8, 884, '{\"180\":\"854\",\"181\":\"858\",\"182\":\"862\",\"173\":\"826\",\"250\":\"1134\",\"174\":\"830\",\"251\":\"1138\",\"175\":\"834\",\"252\":\"1142\",\"176\":\"838\",\"177\":\"842\",\"178\":\"846\",\"179\":\"850\",\"248\":\"1126\",\"249\":\"1130\"}', 'done', 12, 10),
(89, 9, 39, '2026-03-20 17:18:21', '2026-03-20 17:18:36', 0, NULL, NULL, 'done', 0, 10),
(90, 9, 33, '2026-03-20 17:19:04', '2026-03-20 17:19:30', 0, 2098, '[]', 'done', 0, 10),
(91, 6, 40, '2026-03-20 17:20:42', '2026-03-20 17:21:06', 1, 1188, '{\"223\":\"1029\",\"224\":\"1032\",\"225\":\"1037\",\"226\":\"1040\",\"227\":\"1044\",\"228\":\"1048\",\"229\":\"1052\",\"230\":\"1056\",\"231\":\"1060\",\"232\":\"1064\"}', 'done', 1, 10),
(92, 6, 38, '2026-03-20 17:21:16', '2026-03-20 17:21:28', 0, 1197, '[]', 'done', 0, 10),
(93, 12, 32, '2026-03-20 17:23:10', '2026-03-20 17:23:22', 10, 1190, '{\"143\":\"706\",\"144\":\"710\",\"145\":\"714\",\"146\":\"718\",\"147\":\"722\",\"148\":\"726\",\"149\":\"730\",\"150\":\"734\",\"151\":\"738\",\"152\":\"742\"}', 'done', 10, 10),
(94, 12, 39, '2026-03-20 17:23:26', '2026-03-20 17:23:48', 2, 891, '{\"213\":\"989\",\"214\":\"993\",\"215\":\"997\",\"216\":\"1001\",\"217\":\"1005\",\"218\":\"1009\",\"219\":\"1013\",\"220\":\"1017\",\"221\":\"1021\",\"222\":\"1025\"}', 'done', 2, 10),
(95, 9, 40, '2026-03-20 18:21:01', '2026-03-20 18:26:43', 0, NULL, NULL, 'done', 0, 10),
(96, 9, 38, '2026-03-20 18:21:05', '2026-03-20 18:26:52', 0, NULL, NULL, 'done', 0, 10),
(97, 9, 37, '2026-03-20 18:21:09', '2026-03-20 18:26:56', 0, NULL, NULL, 'done', 0, 10),
(98, 9, 40, '2026-03-20 18:27:25', '2026-03-20 18:31:47', 5, NULL, NULL, 'done', 5, 10),
(99, 9, 34, '2026-03-20 18:27:35', '2026-03-20 18:42:38', 10, 333, '{\"165\":\"794\",\"166\":\"798\",\"167\":\"802\",\"168\":\"806\",\"169\":\"810\",\"170\":\"814\",\"171\":\"818\",\"172\":\"822\",\"163\":\"786\",\"164\":\"790\"}', 'done', 10, 10),
(100, 20, 39, '2026-03-20 18:33:41', '2026-03-20 18:51:36', 1, 890, '{\"222\":\"1024\"}', 'done', 1, 10),
(101, 9, 38, '2026-03-20 18:40:09', '2026-03-20 19:36:05', 0, 1055, '[]', 'done', 0, 10),
(102, 9, 39, '2026-03-20 18:44:55', '2026-03-20 18:55:15', 0, 879, '[]', 'done', 0, 10),
(103, 12, 35, '2026-03-20 18:45:22', '2026-03-20 18:45:26', 8, NULL, NULL, 'done', 12, 10),
(104, 12, 36, '2026-03-20 18:45:28', NULL, 0, 577, '{\"183\":\"866\",\"184\":\"870\",\"185\":\"874\"}', 'ongoing', NULL, NULL),
(105, 12, 38, '2026-03-20 18:49:23', NULL, 0, 1194, '[]', 'ongoing', NULL, NULL),
(106, 12, 37, '2026-03-20 18:49:29', NULL, 0, 1493, '[]', 'ongoing', NULL, NULL),
(107, 20, 38, '2026-03-20 18:51:41', '2026-03-20 18:51:42', 0, 1199, '[]', 'done', 0, 10),
(108, 20, 37, '2026-03-20 18:51:55', NULL, 0, 1498, '[]', 'ongoing', NULL, NULL),
(109, 9, 33, '2026-03-20 18:53:02', '2026-03-20 19:53:37', 0, 2090, '[]', 'done', 0, 10),
(110, 9, 37, '2026-03-20 18:54:14', '2026-03-20 19:43:29', 0, 1481, '[]', 'done', 0, 10),
(111, 6, 40, '2026-03-20 19:11:44', '2026-03-20 19:16:16', 0, 1177, '[]', 'done', 0, 10),
(112, 6, 37, '2026-03-20 19:12:42', '2026-04-08 17:43:44', 3, 1336, '{\"193\":\"909\",\"194\":\"910\",\"195\":\"917\",\"196\":\"920\",\"197\":\"924\",\"198\":\"926\",\"199\":\"930\",\"200\":\"935\",\"201\":\"939\",\"202\":\"943\"}', 'done', 3, 10),
(113, 6, 40, '2026-03-20 19:17:05', '2026-03-20 19:31:44', 4, 1170, '{\"223\":\"1026\",\"224\":\"1030\",\"225\":\"1034\",\"226\":\"1038\",\"227\":\"1042\",\"228\":\"1046\",\"229\":\"1050\",\"230\":\"1054\",\"231\":\"1058\",\"232\":\"1062\"}', 'done', 4, 10),
(114, 6, 38, '2026-03-20 19:25:53', '2026-03-21 22:20:50', 1, 1129, '{\"205\":\"954\"}', 'done', 1, 10),
(115, 6, 33, '2026-03-20 19:26:34', '2026-03-21 22:37:34', 0.5, 2096, '{\"154\":\"750\",\"153\":\"749\"}', 'done', 1, 10),
(116, 6, 31, '2026-03-20 19:29:01', '2026-04-08 17:43:56', 0, 1795, '[]', 'done', 0, 10),
(117, 6, 39, '2026-03-20 19:30:30', '2026-03-20 19:31:26', 0, 896, '[]', 'done', 0, 10),
(118, 9, 38, '2026-03-20 19:37:53', '2026-03-20 19:38:06', 1, 1193, '{\"212\":\"982\"}', 'done', 1, 10),
(119, 9, 40, '2026-03-20 19:43:40', '2026-03-20 19:43:50', 4, 1190, '{\"223\":\"1026\",\"224\":\"1030\",\"225\":\"1034\",\"226\":\"1038\",\"227\":\"1042\",\"228\":\"1046\",\"229\":\"1050\",\"230\":\"1054\",\"231\":\"1058\",\"232\":\"1062\"}', 'done', 4, 10),
(120, 9, 39, '2026-03-20 19:46:02', '2026-03-20 19:46:11', 2, 890, '{\"213\":\"989\",\"214\":\"993\",\"215\":\"997\",\"216\":\"1001\",\"217\":\"1005\",\"218\":\"1009\",\"219\":\"1013\",\"220\":\"1017\",\"221\":\"1021\",\"222\":\"1025\"}', 'done', 2, 10),
(121, 9, 37, '2026-03-20 19:47:07', '2026-03-20 19:49:02', 1, 1442, '{\"195\":\"914\"}', 'done', 1, 10),
(122, 9, 38, '2026-03-20 19:49:19', '2026-03-20 19:49:38', 10, 1181, '{\"203\":\"946\",\"204\":\"950\",\"205\":\"954\",\"206\":\"958\",\"207\":\"962\",\"208\":\"966\",\"209\":\"970\",\"210\":\"974\",\"211\":\"978\",\"212\":\"982\"}', 'done', 10, 10),
(123, 9, 37, '2026-03-20 19:49:53', '2026-03-20 19:49:59', 0, 1497, '[]', 'done', 0, 10),
(124, 9, 40, '2026-03-20 19:50:37', '2026-03-20 19:51:00', 0, 1197, '[]', 'done', 0, 10),
(125, 9, 40, '2026-03-20 19:51:04', '2026-03-20 19:51:06', 0, NULL, NULL, 'done', 0, 10),
(126, 9, 40, '2026-03-20 19:51:11', '2026-03-20 19:52:10', 1, 1178, '{\"223\":\"1029\",\"224\":\"1033\",\"225\":\"1037\",\"226\":\"1041\",\"227\":\"1045\",\"228\":\"1049\",\"229\":\"1053\",\"230\":\"1057\",\"231\":\"1061\",\"232\":\"1065\"}', 'done', 1, 10),
(127, 9, 38, '2026-03-20 20:01:26', '2026-03-21 15:46:18', 10, 1182, '{\"203\":\"946\",\"204\":\"950\",\"205\":\"954\",\"206\":\"958\",\"207\":\"962\",\"208\":\"966\",\"209\":\"970\",\"210\":\"974\",\"211\":\"978\",\"212\":\"982\"}', 'done', 10, 10),
(128, 9, 37, '2026-03-21 15:35:24', '2026-03-21 15:35:33', 0, 1499, '[]', 'done', 0, 10),
(129, 9, 37, '2026-03-21 15:46:02', '2026-03-21 15:51:49', 10, 1485, '{\"198\":\"926\",\"199\":\"930\",\"200\":\"934\",\"201\":\"938\",\"202\":\"942\",\"193\":\"906\",\"194\":\"910\",\"195\":\"914\",\"196\":\"918\",\"197\":\"922\"}', 'done', 10, 10),
(130, 7, 48, '2026-03-22 03:08:04', NULL, 0, 898, '[]', 'ongoing', NULL, NULL),
(131, 7, 50, '2026-03-22 16:12:05', '2026-03-22 16:12:17', 2, 893, '{\"259\":\"1202\",\"260\":\"1205\"}', 'done', 1, 10),
(132, 7, 50, '2026-03-22 16:19:00', '2026-03-22 16:21:28', 0, 898, '[]', 'done', 0, 10),
(133, 7, 55, '2026-03-22 17:38:39', '2026-03-22 17:38:56', 0, 884, '{\"270\":\"1239\"}', 'done', 0, 10),
(134, 7, 39, '2026-03-23 07:55:35', '2026-03-23 07:56:03', 4, 1775, '{\"213\":\"987\",\"214\":\"990\",\"215\":\"996\",\"216\":\"998\",\"217\":\"1003\",\"218\":\"1006\",\"219\":\"1011\",\"220\":\"1016\",\"221\":\"1018\",\"222\":\"1024\"}', 'done', 4, 10),
(135, 7, 38, '2026-03-23 07:56:32', '2026-04-11 12:51:21', 0, 1186, '[]', 'done', 0, 10),
(136, 6, 39, '2026-03-25 07:32:43', '2026-03-25 07:33:02', 2, 1784, '{\"213\":\"989\",\"218\":\"1006\",\"219\":\"1011\",\"220\":\"1017\"}', 'done', 2, 10),
(137, 13, 38, '2026-04-07 07:28:12', '2026-04-07 07:28:29', 8, 1184, '{\"203\":\"946\",\"204\":\"951\",\"205\":\"954\",\"206\":\"958\",\"207\":\"962\",\"208\":\"966\",\"209\":\"970\",\"210\":\"974\",\"211\":\"978\",\"212\":\"983\"}', 'done', 8, 10),
(138, 7, 33, '2026-04-07 08:16:58', '2026-04-07 08:25:31', 3.5, 1957, '{\"153\":\"746\",\"154\":\"750\",\"155\":\"756\",\"157\":\"762\",\"159\":\"772\",\"160\":\"775\",\"161\":\"778\",\"162\":\"784\",\"238\":\"1088\",\"239\":\"1091\",\"240\":\"1095\"}', 'done', 7, 10),
(139, 7, 39, '2026-04-07 08:29:32', '2026-04-11 12:51:09', 1, 1792, '{\"213\":\"987\",\"214\":\"990\",\"215\":\"994\",\"216\":\"998\",\"217\":\"1002\"}', 'done', 1, 10),
(140, 7, 60, '2026-04-11 12:55:59', '2026-04-11 12:56:06', 0, NULL, NULL, 'done', 0, 10),
(141, 7, 61, '2026-04-11 12:58:13', '2026-04-11 13:13:19', 1, 887, '{\"272\":\"1245\",\"273\":\"1246\"}', 'done', 1, 10),
(142, 7, 39, '2026-04-11 13:42:20', '2026-04-11 13:42:24', 0, 1797, '{\"213\":\"988\",\"214\":\"990\"}', 'done', 0, 10),
(143, 7, 39, '2026-04-11 13:42:32', '2026-04-11 13:53:56', 1, 1791, '{\"213\":\"986\",\"214\":\"992\"}', 'done', 1, 10),
(144, 7, 63, '2026-04-11 13:44:12', '2026-04-11 13:53:44', 0, 888, '{\"274\":\"1250\",\"275\":\"1252\"}', 'done', 0, 10);

-- --------------------------------------------------------

--
-- Table structure for table `monhoc`
--

CREATE TABLE `monhoc` (
  `id_monhoc` int(11) NOT NULL,
  `tenmonhoc` varchar(100) DEFAULT NULL,
  `mieuta` text DEFAULT NULL,
  `id_nguoidung` int(11) DEFAULT NULL,
  `ngaythem` timestamp NULL DEFAULT NULL
) ENGINE=InnoDB DEFAULT CHARSET=utf8mb4 COLLATE=utf8mb4_general_ci;

--
-- Dumping data for table `monhoc`
--

INSERT INTO `monhoc` (`id_monhoc`, `tenmonhoc`, `mieuta`, `id_nguoidung`, `ngaythem`) VALUES
(6, 'Lập trình PHP', NULL, 23, '2026-03-21 18:08:17'),
(7, 'Cơ sở dữ liệu MySQL', 'aa', 23, '2026-03-21 18:08:08'),
(8, 'Cấu trúc dữ liệu và giải thuật', 'cscsss', 23, '2026-03-21 18:08:11'),
(9, 'Mạng máy tính', 'âsssa', 23, '2026-03-21 18:08:13'),
(10, 'Trí tuệ nhân tạo', 'aaa', 23, '2026-03-21 18:08:15');

-- --------------------------------------------------------

--
-- Table structure for table `nguoidung`
--

CREATE TABLE `nguoidung` (
  `id_nguoidung` int(11) NOT NULL,
  `email` varchar(100) DEFAULT NULL,
  `matkhau` varchar(255) DEFAULT NULL,
  `ten` varchar(100) DEFAULT NULL,
  `vaitro` varchar(50) DEFAULT NULL,
  `trangthai` varchar(50) DEFAULT NULL,
  `ngaytao` datetime DEFAULT NULL
) ENGINE=InnoDB DEFAULT CHARSET=utf8mb4 COLLATE=utf8mb4_general_ci;

--
-- Dumping data for table `nguoidung`
--

INSERT INTO `nguoidung` (`id_nguoidung`, `email`, `matkhau`, `ten`, `vaitro`, `trangthai`, `ngaytao`) VALUES
(6, 'trongphuc@gmail.com', '$2y$10$mmFy0FYAsLPsMc6OdFYfwuhoe7sqebWVc1JOA2zZsSA2iyapzAsEO', 'Phúc', 'thisinh', 'active', '2026-03-04 22:03:57'),
(7, 'vanloc@gmail.com', '$2y$10$q3VUjBL3Pe6vvPEgT6UijO6qQEatmL0SaJGFbDAMLtFnee6pvtZkW', 'Văn Lộc', 'thisinh', 'active', '2026-03-04 23:15:16'),
(8, 'nguyenvana@gmail.com', '$2y$10$hDurSI5O/vXNuxGYJ8voNupXIHXvTU6kwVpBkcCTeaYN6Qtg7wEE6', 'Nguyễn Văn A', 'thisinh', 'active', '2026-03-20 09:49:31'),
(9, 'gnaht41@gmail.com', '$2y$10$cGwflbJkHBA8ozpq4llE.uGnplqLebXSzaV/YNeHtoSopyzxqgpYe', 'Nguyễn Đức Quốc Thắng', 'thisinh', 'active', '2026-03-20 10:44:31'),
(11, 'minhco@gmail.com', '$2y$10$LWkf1lb02aOxd//VeDihHOKIPJYJJzfxCwF5DaOdof8f2aKfpzv7i', 'Minh Cơ', 'thisinh', 'active', '2026-03-20 14:54:23'),
(12, 'hohao@gmail.com', '$2y$10$2XehvSZ6M3gpUt5I.k.Ox.o3zejUnSxO1LuU8y/ZvpJ4blhbDTZFm', 'Hồ Hào', 'thisinh', 'active', '2026-03-20 15:58:00'),
(13, 'a@gmail.com', '$2y$10$/lny0xfPQwLhg6txm.HGaeavKMung36MVRZLd04qAruOZ0rMXVGy2', 'Nguyễn Văn A', 'thisinh', 'active', '2026-03-20 17:32:18'),
(14, 'b@gmail.com', '$2y$10$bfX3uPhybQb.9gCLlg8BPOMkXprFB8GAuP63UvwM7YKZIvp3bkNbK', 'Nguyễn Thị B', 'thisinh', 'active', '2026-03-20 17:39:46'),
(15, 'c@gmail.com', '$2y$10$UmNWQcrKgxM7/n62QoIRwuNJGm.5g9gCiaojG7XHQZw/G6TJbnSYG', 'Trần Văn C', 'thisinh', 'active', '2026-03-20 17:40:00'),
(16, 'd@gmail.com', '$2y$10$UyIy/7y5dt45j21Cv6HSUuUQxoFEqzi38QyqvRm.2XZj.0pWlm4cm', 'Cao Văn D', 'thisinh', 'active', '2026-03-20 17:44:50'),
(17, 'verifier@test.com', '$2y$10$lyZWnpn7eDhVbIGUSxYXXuZLPEgef.s5BPxBaHY/1Akc.iksmki7a', 'Verifier', 'thisinh', 'active', '2026-03-20 17:53:48'),
(18, 'f@gmail.com', '$2y$10$IeXtYQy1ObQBkWXvh9Pw3OGtcKPFHBy8.ooTTeWeGKxDsXqwZL.3K', 'Trần Thị F', 'thisinh', 'active', '2026-03-20 18:15:10'),
(19, 'test@gmail.com', '$2y$10$vmGGkrgSGbHbq4QMw.AuHOhdMplo4.igspLVptvyGMF8ofAv0yWmO', 'Test User Updated', 'thisinh', 'active', '2026-03-20 18:16:42'),
(20, 'e@gmail.com', '$2y$10$W7sfAkW0F0ChWPNOvWisruodxDfL2s1IpuXwuQoo72HsGjrdsOB0C', 'Trần Văn E', 'thisinh', 'active', '2026-03-20 18:33:32'),
(21, 'testuser@example.com', '$2y$10$NOMnn9yN.8fmFDV3Nh4L1.aiuhqF7/kmfyOlhjYXTvbw9ykUqkwKW', 'Test User', 'thisinh', 'active', '2026-03-20 18:46:48'),
(22, 'tester@gmail.com', '$2y$10$X1GdR2XBqbUfjpV8ExbmpeSOS0Y7Gi0Ovq4Xw1w7gSSJYlF5y8Ovm', 'Tester', 'thisinh', 'active', '2026-03-20 19:17:41'),
(23, 'giangviena@gmail.com', '$2y$10$sK0OFV.0BvHMN2Y4IwMzDuhvsxioHTc55AQ6zaYq1QIuujfnNa3GW', 'Giảng Viên A ', 'giangvien', 'active', '2026-03-21 23:08:30'),
(24, 'admin@gmail.com', '$2y$10$ptvgud/CnsEfwrt.A0BpsebKv./pSinwg46yZdxREp7rF3kgG91Vi', 'Admin ', 'admin', 'active', '2026-03-21 23:11:32');

-- --------------------------------------------------------

--
-- Table structure for table `traloithisinh`
--

CREATE TABLE `traloithisinh` (
  `id_dapan_thisinh` int(11) NOT NULL,
  `id_cauhoi` int(11) DEFAULT NULL,
  `id_lanthi` int(11) DEFAULT NULL,
  `cautraloichon` int(11) DEFAULT NULL
) ENGINE=InnoDB DEFAULT CHARSET=utf8mb4 COLLATE=utf8mb4_general_ci;

--
-- Dumping data for table `traloithisinh`
--

INSERT INTO `traloithisinh` (`id_dapan_thisinh`, `id_cauhoi`, `id_lanthi`, `cautraloichon`) VALUES
(6, 213, 8, 986),
(7, 219, 8, 1013),
(8, 223, 10, 1029),
(9, 225, 10, 1036),
(10, 183, 11, 868),
(11, 184, 11, 872),
(12, 185, 11, 875),
(13, 186, 11, 879),
(14, 187, 11, 883),
(15, 188, 11, 887),
(16, 189, 11, 893),
(17, 190, 11, 897),
(18, 191, 11, 900),
(19, 192, 11, 905),
(20, 193, 9, 906),
(21, 203, 12, 946),
(22, 204, 12, 950),
(23, 205, 12, 954),
(24, 206, 12, 958),
(25, 203, 17, 948),
(26, 206, 17, 958),
(27, 207, 17, 962),
(28, 212, 17, 982),
(29, 213, 20, 987),
(30, 214, 20, 991),
(31, 215, 20, 997),
(32, 216, 20, 1000),
(33, 217, 20, 1002),
(34, 183, 23, 868),
(35, 184, 23, 872),
(36, 185, 23, 876),
(37, 186, 23, 879),
(38, 187, 23, 884),
(39, 188, 23, 887),
(40, 189, 23, 892),
(41, 190, 23, 895),
(42, 191, 23, 899),
(43, 192, 23, 903),
(44, 203, 19, 946),
(45, 204, 19, 950),
(46, 205, 19, 954),
(47, 206, 19, 960),
(48, 207, 19, 962),
(49, 208, 19, 968),
(50, 209, 19, 970),
(51, 210, 19, 974),
(52, 211, 19, 978),
(53, 212, 19, 982),
(54, 213, 22, 987),
(55, 214, 22, 992),
(56, 215, 22, 995),
(57, 216, 22, 1000),
(58, 217, 22, 1003),
(59, 218, 22, 1007),
(60, 219, 22, 1012),
(61, 220, 22, 1017),
(62, 221, 22, 1019),
(63, 222, 22, 1024),
(64, 213, 26, 989),
(65, 214, 26, 991),
(66, 215, 26, 995),
(67, 216, 26, 1000),
(68, 217, 26, 1002),
(69, 218, 26, 1006),
(70, 219, 26, 1012),
(71, 220, 26, 1017),
(72, 221, 26, 1019),
(73, 222, 26, 1024),
(74, 213, 27, 989),
(75, 222, 27, 1024),
(76, 173, 29, 827),
(77, 174, 29, 832),
(78, 175, 29, 835),
(79, 176, 29, 840),
(80, 177, 29, 843),
(81, 178, 29, 846),
(82, 179, 29, 853),
(83, 180, 29, 854),
(84, 181, 29, 859),
(85, 182, 29, 863),
(86, 248, 29, 1128),
(87, 249, 29, 1132),
(88, 250, 29, 1135),
(89, 251, 29, 1138),
(90, 252, 29, 1143),
(91, 153, 31, 748),
(92, 154, 31, 751),
(93, 213, 32, 987),
(94, 214, 32, 991),
(95, 215, 32, 994),
(96, 216, 32, 999),
(97, 217, 32, 1003),
(98, 213, 33, 987),
(99, 214, 33, 992),
(100, 215, 33, 996),
(101, 216, 33, 999),
(102, 217, 33, 1002),
(103, 218, 33, 1008),
(104, 219, 33, 1012),
(105, 221, 33, 1019),
(106, 222, 33, 1024),
(107, 203, 34, 949),
(108, 204, 34, 950),
(109, 219, 35, 1012),
(110, 220, 35, 1015),
(111, 221, 35, 1021),
(112, 223, 36, 1027),
(113, 224, 36, 1030),
(114, 193, 37, 908),
(115, 194, 37, 910),
(116, 197, 37, 924),
(117, 199, 37, 930),
(118, 200, 37, 936),
(119, 153, 38, 748),
(120, 154, 38, 751),
(121, 245, 38, 1117),
(122, 246, 38, 1121),
(123, 193, 41, 907),
(124, 194, 41, 912),
(125, 195, 41, 915),
(126, 196, 41, 919),
(127, 197, 41, 923),
(128, 198, 41, 928),
(129, 199, 41, 931),
(130, 200, 41, 935),
(131, 201, 41, 939),
(132, 202, 41, 942),
(133, 223, 42, 1028),
(134, 224, 42, 1031),
(135, 225, 42, 1035),
(136, 226, 42, 1039),
(137, 227, 42, 1043),
(138, 228, 42, 1046),
(139, 229, 42, 1053),
(140, 230, 42, 1054),
(141, 231, 42, 1058),
(142, 232, 42, 1062),
(143, 163, 43, 787),
(144, 164, 43, 792),
(145, 165, 43, 796),
(146, 166, 43, 799),
(147, 167, 43, 804),
(148, 168, 43, 808),
(149, 169, 43, 810),
(150, 170, 43, 814),
(151, 171, 43, 820),
(152, 172, 43, 823),
(153, 213, 44, 989),
(154, 214, 44, 990),
(155, 217, 44, 1003),
(156, 218, 44, 1008),
(157, 219, 44, 1013),
(158, 220, 44, 1015),
(159, 221, 44, 1019),
(160, 222, 44, 1025),
(161, 163, 45, 787),
(162, 164, 45, 790),
(163, 165, 45, 796),
(164, 167, 45, 802),
(165, 168, 45, 806),
(166, 169, 45, 810),
(167, 170, 45, 817),
(168, 172, 45, 822),
(169, 223, 46, 1026),
(170, 223, 48, 1028),
(171, 225, 48, 1035),
(172, 227, 48, 1042),
(173, 232, 48, 1062),
(174, 203, 53, 947),
(175, 207, 53, 964),
(176, 213, 59, 986),
(177, 216, 59, 1001),
(178, 222, 59, 1023),
(179, 193, 62, 906),
(180, 194, 62, 910),
(181, 195, 62, 914),
(182, 196, 62, 918),
(183, 197, 62, 922),
(184, 198, 62, 926),
(185, 199, 62, 930),
(186, 200, 62, 934),
(187, 201, 62, 938),
(188, 202, 62, 942),
(189, 223, 56, 1029),
(190, 224, 56, 1033),
(191, 225, 56, 1037),
(192, 226, 56, 1041),
(193, 227, 56, 1045),
(194, 228, 56, 1049),
(195, 229, 56, 1053),
(196, 230, 56, 1057),
(197, 231, 56, 1061),
(198, 232, 56, 1065),
(199, 203, 60, 946),
(200, 204, 60, 950),
(201, 205, 60, 954),
(202, 206, 60, 958),
(203, 207, 60, 962),
(204, 208, 60, 966),
(205, 209, 60, 970),
(206, 210, 60, 974),
(207, 211, 60, 978),
(208, 212, 60, 982),
(209, 187, 69, 882),
(210, 188, 69, 886),
(211, 189, 69, 890),
(212, 190, 69, 894),
(213, 191, 69, 898),
(214, 192, 69, 902),
(215, 183, 69, 866),
(216, 184, 69, 870),
(217, 185, 69, 874),
(218, 186, 69, 878),
(219, 216, 72, 998),
(220, 218, 72, 1006),
(221, 185, 75, 874),
(222, 187, 76, 882),
(223, 188, 76, 886),
(224, 189, 76, 890),
(225, 190, 76, 894),
(226, 191, 76, 898),
(227, 192, 76, 902),
(228, 183, 76, 866),
(229, 184, 76, 870),
(230, 185, 76, 874),
(231, 186, 76, 878),
(232, 143, 77, 709),
(233, 144, 77, 713),
(234, 145, 77, 717),
(235, 146, 77, 721),
(236, 147, 77, 725),
(237, 148, 77, 729),
(238, 149, 77, 733),
(239, 150, 77, 737),
(240, 151, 77, 741),
(241, 152, 77, 745),
(242, 231, 71, 1061),
(243, 232, 71, 1065),
(244, 223, 71, 1029),
(245, 224, 71, 1033),
(246, 225, 71, 1037),
(247, 226, 71, 1041),
(248, 227, 71, 1045),
(249, 228, 71, 1049),
(250, 229, 71, 1053),
(251, 230, 71, 1057),
(252, 180, 78, 857),
(253, 181, 78, 861),
(254, 182, 78, 865),
(255, 173, 78, 829),
(256, 250, 78, 1137),
(257, 174, 78, 833),
(258, 251, 78, 1141),
(259, 175, 78, 837),
(260, 252, 78, 1145),
(261, 176, 78, 841),
(262, 177, 78, 845),
(263, 178, 78, 849),
(264, 179, 78, 853),
(265, 248, 78, 1129),
(266, 249, 78, 1133),
(267, 193, 84, 909),
(268, 194, 84, 913),
(269, 195, 84, 914),
(270, 196, 84, 918),
(271, 203, 83, 946),
(272, 203, 85, 946),
(273, 204, 85, 950),
(274, 173, 88, 826),
(275, 174, 88, 830),
(276, 175, 88, 834),
(277, 176, 88, 838),
(278, 177, 88, 842),
(279, 178, 88, 846),
(280, 179, 88, 850),
(281, 180, 88, 854),
(282, 181, 88, 858),
(283, 182, 88, 862),
(284, 248, 88, 1126),
(285, 249, 88, 1130),
(286, 250, 88, 1134),
(287, 251, 88, 1138),
(288, 252, 88, 1142),
(289, 223, 91, 1029),
(290, 224, 91, 1032),
(291, 225, 91, 1037),
(292, 226, 91, 1040),
(293, 227, 91, 1044),
(294, 228, 91, 1048),
(295, 229, 91, 1052),
(296, 230, 91, 1056),
(297, 231, 91, 1060),
(298, 232, 91, 1064),
(299, 143, 93, 706),
(300, 144, 93, 710),
(301, 145, 93, 714),
(302, 146, 93, 718),
(303, 147, 93, 722),
(304, 148, 93, 726),
(305, 149, 93, 730),
(306, 150, 93, 734),
(307, 151, 93, 738),
(308, 152, 93, 742),
(309, 213, 94, 989),
(310, 214, 94, 993),
(311, 215, 94, 997),
(312, 216, 94, 1001),
(313, 217, 94, 1005),
(314, 218, 94, 1009),
(315, 219, 94, 1013),
(316, 220, 94, 1017),
(317, 221, 94, 1021),
(318, 222, 94, 1025),
(319, 223, 98, 1026),
(320, 224, 98, 1030),
(321, 225, 98, 1034),
(322, 226, 98, 1039),
(323, 227, 98, 1043),
(324, 228, 98, 1048),
(325, 229, 98, 1053),
(326, 230, 98, 1057),
(327, 231, 98, 1058),
(328, 232, 98, 1062),
(329, 165, 99, 794),
(330, 166, 99, 798),
(331, 167, 99, 802),
(332, 168, 99, 806),
(333, 169, 99, 810),
(334, 170, 99, 814),
(335, 171, 99, 818),
(336, 172, 99, 822),
(337, 163, 99, 786),
(338, 164, 99, 790),
(339, 180, 103, 854),
(340, 181, 103, 858),
(341, 182, 103, 862),
(342, 173, 103, 826),
(343, 250, 103, 1134),
(344, 174, 103, 830),
(345, 251, 103, 1138),
(346, 175, 103, 834),
(347, 252, 103, 1142),
(348, 176, 103, 838),
(349, 177, 103, 842),
(350, 178, 103, 846),
(351, 179, 103, 850),
(352, 248, 103, 1126),
(353, 249, 103, 1130),
(354, 222, 100, 1024),
(355, 223, 113, 1026),
(356, 224, 113, 1030),
(357, 225, 113, 1034),
(358, 226, 113, 1038),
(359, 227, 113, 1042),
(360, 228, 113, 1046),
(361, 229, 113, 1050),
(362, 230, 113, 1054),
(363, 231, 113, 1058),
(364, 232, 113, 1062),
(365, 212, 118, 982),
(366, 223, 119, 1026),
(367, 224, 119, 1030),
(368, 225, 119, 1034),
(369, 226, 119, 1038),
(370, 227, 119, 1042),
(371, 228, 119, 1046),
(372, 229, 119, 1050),
(373, 230, 119, 1054),
(374, 231, 119, 1058),
(375, 232, 119, 1062),
(376, 213, 120, 989),
(377, 214, 120, 993),
(378, 215, 120, 997),
(379, 216, 120, 1001),
(380, 217, 120, 1005),
(381, 218, 120, 1009),
(382, 219, 120, 1013),
(383, 220, 120, 1017),
(384, 221, 120, 1021),
(385, 222, 120, 1025),
(386, 195, 121, 914),
(387, 203, 122, 946),
(388, 204, 122, 950),
(389, 205, 122, 954),
(390, 206, 122, 958),
(391, 207, 122, 962),
(392, 208, 122, 966),
(393, 209, 122, 970),
(394, 210, 122, 974),
(395, 211, 122, 978),
(396, 212, 122, 982),
(397, 223, 126, 1029),
(398, 224, 126, 1033),
(399, 225, 126, 1037),
(400, 226, 126, 1041),
(401, 227, 126, 1045),
(402, 228, 126, 1049),
(403, 229, 126, 1053),
(404, 230, 126, 1057),
(405, 231, 126, 1061),
(406, 232, 126, 1065),
(407, 203, 127, 946),
(408, 204, 127, 950),
(409, 205, 127, 954),
(410, 206, 127, 958),
(411, 207, 127, 962),
(412, 208, 127, 966),
(413, 209, 127, 970),
(414, 210, 127, 974),
(415, 211, 127, 978),
(416, 212, 127, 982),
(417, 198, 129, 926),
(418, 199, 129, 930),
(419, 200, 129, 934),
(420, 201, 129, 938),
(421, 202, 129, 942),
(422, 193, 129, 906),
(423, 194, 129, 910),
(424, 195, 129, 914),
(425, 196, 129, 918),
(426, 197, 129, 922),
(427, 205, 114, 954),
(428, 154, 115, 750),
(429, 153, 115, 749),
(430, 259, 131, 1202),
(431, 260, 131, 1205),
(432, 270, 133, 1239),
(433, 213, 134, 987),
(434, 214, 134, 990),
(435, 215, 134, 996),
(436, 216, 134, 998),
(437, 217, 134, 1003),
(438, 218, 134, 1006),
(439, 219, 134, 1011),
(440, 220, 134, 1016),
(441, 221, 134, 1018),
(442, 222, 134, 1024),
(443, 213, 136, 989),
(444, 218, 136, 1006),
(445, 219, 136, 1011),
(446, 220, 136, 1017),
(447, 203, 137, 946),
(448, 204, 137, 951),
(449, 205, 137, 954),
(450, 206, 137, 958),
(451, 207, 137, 962),
(452, 208, 137, 966),
(453, 209, 137, 970),
(454, 210, 137, 974),
(455, 211, 137, 978),
(456, 212, 137, 983),
(457, 153, 138, 746),
(458, 154, 138, 750),
(459, 155, 138, 756),
(460, 157, 138, 762),
(461, 159, 138, 772),
(462, 160, 138, 775),
(463, 161, 138, 778),
(464, 162, 138, 784),
(465, 238, 138, 1088),
(466, 239, 138, 1091),
(467, 240, 138, 1095),
(468, 193, 112, 909),
(469, 194, 112, 910),
(470, 195, 112, 917),
(471, 196, 112, 920),
(472, 197, 112, 924),
(473, 198, 112, 926),
(474, 199, 112, 930),
(475, 200, 112, 935),
(476, 201, 112, 939),
(477, 202, 112, 943),
(478, 213, 139, 987),
(479, 214, 139, 990),
(480, 215, 139, 994),
(481, 216, 139, 998),
(482, 217, 139, 1002),
(483, 272, 141, 1245),
(484, 273, 141, 1246),
(485, 213, 142, 988),
(486, 214, 142, 990),
(487, 274, 144, 1250),
(488, 275, 144, 1252),
(489, 213, 143, 986),
(490, 214, 143, 992);

--
-- Indexes for dumped tables
--

--
-- Indexes for table `baithi`
--
ALTER TABLE `baithi`
  ADD PRIMARY KEY (`id_baithi`),
  ADD KEY `id_monhoc` (`id_monhoc`);

--
-- Indexes for table `cauhoi`
--
ALTER TABLE `cauhoi`
  ADD PRIMARY KEY (`id_cauhoi`),
  ADD KEY `id_baithi` (`id_baithi`);

--
-- Indexes for table `dapan`
--
ALTER TABLE `dapan`
  ADD PRIMARY KEY (`id_dapan`),
  ADD KEY `id_cauhoi` (`id_cauhoi`);

--
-- Indexes for table `lanthi`
--
ALTER TABLE `lanthi`
  ADD PRIMARY KEY (`id_lanthi`),
  ADD KEY `id_nguoidung` (`id_nguoidung`),
  ADD KEY `id_baithi` (`id_baithi`);

--
-- Indexes for table `monhoc`
--
ALTER TABLE `monhoc`
  ADD PRIMARY KEY (`id_monhoc`),
  ADD KEY `fk_monhoc_nguoidung` (`id_nguoidung`);

--
-- Indexes for table `nguoidung`
--
ALTER TABLE `nguoidung`
  ADD PRIMARY KEY (`id_nguoidung`);

--
-- Indexes for table `traloithisinh`
--
ALTER TABLE `traloithisinh`
  ADD PRIMARY KEY (`id_dapan_thisinh`),
  ADD KEY `id_cauhoi` (`id_cauhoi`),
  ADD KEY `id_lanthi` (`id_lanthi`);

--
-- AUTO_INCREMENT for dumped tables
--

--
-- AUTO_INCREMENT for table `baithi`
--
ALTER TABLE `baithi`
  MODIFY `id_baithi` int(11) NOT NULL AUTO_INCREMENT, AUTO_INCREMENT=64;

--
-- AUTO_INCREMENT for table `cauhoi`
--
ALTER TABLE `cauhoi`
  MODIFY `id_cauhoi` int(11) NOT NULL AUTO_INCREMENT, AUTO_INCREMENT=277;

--
-- AUTO_INCREMENT for table `dapan`
--
ALTER TABLE `dapan`
  MODIFY `id_dapan` int(11) NOT NULL AUTO_INCREMENT, AUTO_INCREMENT=1256;

--
-- AUTO_INCREMENT for table `lanthi`
--
ALTER TABLE `lanthi`
  MODIFY `id_lanthi` int(11) NOT NULL AUTO_INCREMENT, AUTO_INCREMENT=145;

--
-- AUTO_INCREMENT for table `monhoc`
--
ALTER TABLE `monhoc`
  MODIFY `id_monhoc` int(11) NOT NULL AUTO_INCREMENT, AUTO_INCREMENT=26;

--
-- AUTO_INCREMENT for table `nguoidung`
--
ALTER TABLE `nguoidung`
  MODIFY `id_nguoidung` int(11) NOT NULL AUTO_INCREMENT, AUTO_INCREMENT=25;

--
-- AUTO_INCREMENT for table `traloithisinh`
--
ALTER TABLE `traloithisinh`
  MODIFY `id_dapan_thisinh` int(11) NOT NULL AUTO_INCREMENT, AUTO_INCREMENT=491;

--
-- Constraints for dumped tables
--

--
-- Constraints for table `baithi`
--
ALTER TABLE `baithi`
  ADD CONSTRAINT `baithi_ibfk_1` FOREIGN KEY (`id_monhoc`) REFERENCES `monhoc` (`id_monhoc`);

--
-- Constraints for table `cauhoi`
--
ALTER TABLE `cauhoi`
  ADD CONSTRAINT `cauhoi_ibfk_1` FOREIGN KEY (`id_baithi`) REFERENCES `baithi` (`id_baithi`);

--
-- Constraints for table `dapan`
--
ALTER TABLE `dapan`
  ADD CONSTRAINT `dapan_ibfk_1` FOREIGN KEY (`id_cauhoi`) REFERENCES `cauhoi` (`id_cauhoi`);

--
-- Constraints for table `lanthi`
--
ALTER TABLE `lanthi`
  ADD CONSTRAINT `lanthi_ibfk_1` FOREIGN KEY (`id_nguoidung`) REFERENCES `nguoidung` (`id_nguoidung`),
  ADD CONSTRAINT `lanthi_ibfk_2` FOREIGN KEY (`id_baithi`) REFERENCES `baithi` (`id_baithi`);

--
-- Constraints for table `monhoc`
--
ALTER TABLE `monhoc`
  ADD CONSTRAINT `fk_monhoc_nguoidung` FOREIGN KEY (`id_nguoidung`) REFERENCES `nguoidung` (`id_nguoidung`) ON DELETE CASCADE;

--
-- Constraints for table `traloithisinh`
--
ALTER TABLE `traloithisinh`
  ADD CONSTRAINT `traloithisinh_ibfk_1` FOREIGN KEY (`id_cauhoi`) REFERENCES `cauhoi` (`id_cauhoi`),
  ADD CONSTRAINT `traloithisinh_ibfk_2` FOREIGN KEY (`id_lanthi`) REFERENCES `lanthi` (`id_lanthi`);
COMMIT;

/*!40101 SET CHARACTER_SET_CLIENT=@OLD_CHARACTER_SET_CLIENT */;
/*!40101 SET CHARACTER_SET_RESULTS=@OLD_CHARACTER_SET_RESULTS */;
/*!40101 SET COLLATION_CONNECTION=@OLD_COLLATION_CONNECTION */;
